Name,E-mail,Data,Gender,Salary,Phone
Aaron Crouse,AaronCrouse@gmail.com,2016-05-29 19:19:33,male,8342$,+7(940)514-12-67
Aaron Gaier,AaronGaier@gmail.com,2000-09-02 14:53:00,male,8342$,+7(906)273-75-79
Aaron Ramirez,AaronRamirez@gmail.com,2017-11-23 21:06:42,male,8342$,+7(923)233-96-68
Abbey Hager,AbbeyHager@gmail.com,2017-06-23 02:48:45,male,8342$,+7(939)704-90-72
Abigail Plack,AbigailPlack@gmail.com,2002-04-26 15:56:01,male,8342$,+7(931)235-94-99
Adam Benz,AdamBenz@gmail.com,2021-09-05 09:54:57,male,8342$,+7(992)343-78-85
Adolph Devilla,AdolphDevilla@gmail.com,2011-03-17 20:01:41,male,8342$,+7(951)354-79-37
Alan Judge,AlanJudge@gmail.com,1988-05-03 17:01:37,male,8342$,+7(952)617-26-16
Albert Hayes,AlbertHayes@gmail.com,1982-01-03 21:39:34,male,8342$,+7(983)346-43-43
Albert Sedotal,AlbertSedotal@gmail.com,2008-08-20 15:42:08,male,8342$,+7(980)243-93-16
Alfonzo Richardson,AlfonzoRichardson@gmail.com,2013-03-02 02:35:55,male,8342$,+7(925)202-59-32
Alfredo Munson,AlfredoMunson@gmail.com,2020-10-06 02:15:52,male,8342$,+7(940)562-25-27
Alice Coons,AliceCoons@gmail.com,2015-06-19 23:03:04,male,8342$,+7(996)472-36-11
Alice Murphy,AliceMurphy@gmail.com,2016-01-16 18:11:20,male,8342$,+7(983)361-96-48
Alice Perez,AlicePerez@gmail.com,2017-11-16 06:22:48,male,8342$,+7(977)710-85-67
Alice Silvers,AliceSilvers@gmail.com,2020-02-12 09:08:17,male,8342$,+7(946)634-54-82
Alissa Angelovich,AlissaAngelovich@gmail.com,2017-06-10 06:47:09,male,8342$,+7(923)300-57-72
Allen Eason,AllenEason@gmail.com,2020-05-08 04:08:06,male,8342$,+7(955)724-13-34
Allison Dubois,AllisonDubois@gmail.com,1995-11-27 18:46:04,male,8342$,+7(953)445-62-20
Alva Lanzetta,AlvaLanzetta@gmail.com,2010-11-02 03:17:44,male,8342$,+7(962)703-15-77
Alvin Rodriguez,AlvinRodriguez@gmail.com,2001-04-07 08:48:29,male,8342$,+7(911)153-20-22
Alyson Lawrence,AlysonLawrence@gmail.com,2015-06-09 23:47:48,male,8342$,+7(996)477-69-49
Amanda Brooks,AmandaBrooks@gmail.com,2013-11-02 15:58:11,male,8342$,+7(981)190-52-78
Amanda Chase,AmandaChase@gmail.com,2021-05-31 09:15:59,male,8342$,+7(929)114-91-22
Amanda Mendez,AmandaMendez@gmail.com,2003-06-22 01:58:03,male,8342$,+7(982)754-10-68
Amanda Natali,AmandaNatali@gmail.com,2013-03-15 16:36:45,male,8342$,+7(928)120-86-77
Amanda Nyquist,AmandaNyquist@gmail.com,2015-08-26 10:35:13,male,8342$,+7(975)680-48-42
Amber Barnes,AmberBarnes@gmail.com,2011-02-03 19:26:24,male,8342$,+7(973)398-31-16
Amber Buckley,AmberBuckley@gmail.com,2016-08-07 16:16:10,male,8342$,+7(996)357-93-35
Ami King,AmiKing@gmail.com,2021-06-29 16:21:14,male,8342$,+7(912)597-87-29
Amie Weaver,AmieWeaver@gmail.com,2009-03-20 00:13:32,male,8342$,+7(967)708-20-95
Amie Wright,AmieWright@gmail.com,2007-11-04 01:39:48,male,8342$,+7(967)698-34-50
Amy Shannon,AmyShannon@gmail.com,1992-01-15 04:32:12,male,8342$,+7(940)453-46-71
Ana Ake,AnaAke@gmail.com,2012-09-24 05:57:58,male,8342$,+7(956)334-16-75
Ana Wilde,AnaWilde@gmail.com,2002-12-05 06:44:09,male,8342$,+7(980)238-10-82
Andrea Mercer,AndreaMercer@gmail.com,1991-09-03 15:22:57,male,8342$,+7(969)746-85-17
Andrew Foley,AndrewFoley@gmail.com,2012-03-11 20:42:01,male,8342$,+7(965)273-50-38
Andrew Jackson,AndrewJackson@gmail.com,2017-05-09 14:33:20,male,8342$,+7(931)193-88-48
Andrew Maxwell,AndrewMaxwell@gmail.com,2018-04-17 19:18:26,male,8342$,+7(961)347-68-67
Andrew Steen,AndrewSteen@gmail.com,2015-05-21 05:09:04,male,8342$,+7(918)481-95-14
Angel Flores,AngelFlores@gmail.com,2021-10-05 20:52:07,male,8342$,+7(901)230-97-78
Angela Abbott,AngelaAbbott@gmail.com,2005-05-12 06:19:45,male,8342$,+7(998)545-36-86
Angela Appell,AngelaAppell@gmail.com,2021-01-12 20:14:22,male,8342$,+7(922)265-96-86
Angela Peterson,AngelaPeterson@gmail.com,2014-03-06 20:53:26,male,8342$,+7(961)556-41-73
Angelica Sellers,AngelicaSellers@gmail.com,2015-09-30 08:25:10,male,8342$,+7(999)139-22-88
Angelo Collins,AngeloCollins@gmail.com,2004-08-25 09:27:49,male,8342$,+7(904)216-32-25
Anita Chandler,AnitaChandler@gmail.com,2018-02-11 22:16:23,male,8342$,+7(952)464-63-86
Anita Chavis,AnitaChavis@gmail.com,1991-03-26 14:43:53,male,8342$,+7(956)312-57-25
Anita Moses,AnitaMoses@gmail.com,2009-02-24 14:23:20,male,8342$,+7(975)231-64-15
Ann Mcneal,AnnMcneal@gmail.com,2009-10-04 02:28:47,male,8342$,+7(998)756-66-87
Ann Schmal,AnnSchmal@gmail.com,2003-01-03 19:52:07,male,8342$,+7(996)761-42-59
Anna Daniels,AnnaDaniels@gmail.com,2014-03-27 06:02:00,male,8342$,+7(983)794-29-65
Anna Howard,AnnaHoward@gmail.com,2017-09-07 09:13:09,male,8342$,+7(934)323-73-93
Anna Johnson,AnnaJohnson@gmail.com,2013-04-04 02:27:17,male,8342$,+7(939)212-41-62
Anna Porter,AnnaPorter@gmail.com,2017-11-15 16:49:25,male,8342$,+7(928)457-80-12
Anne Barnes,AnneBarnes@gmail.com,2019-02-01 03:45:19,male,8342$,+7(922)458-36-71
Anne Monford,AnneMonford@gmail.com,2012-10-15 00:27:45,male,8342$,+7(962)549-64-54
Annie Higgins,AnnieHiggins@gmail.com,2011-02-21 20:28:11,male,8342$,+7(939)471-97-79
Anthony George,AnthonyGeorge@gmail.com,2016-10-04 00:25:41,male,8342$,+7(938)778-63-39
Anthony Matthewson,AnthonyMatthewson@gmail.com,1998-11-30 19:17:55,male,8342$,+7(921)364-70-78
Arthur Davis,ArthurDavis@gmail.com,2021-09-14 17:56:28,male,8342$,+7(968)719-35-38
Arthur Ogilvie,ArthurOgilvie@gmail.com,2021-08-09 16:04:13,male,8342$,+7(921)203-32-41
Arthur Simar,ArthurSimar@gmail.com,1994-08-28 07:52:41,male,8342$,+7(951)701-70-56
Arthur Simpson,ArthurSimpson@gmail.com,2006-02-17 02:27:21,male,8342$,+7(924)549-99-88
Arturo Olson,ArturoOlson@gmail.com,2007-06-06 06:47:00,male,8342$,+7(957)666-44-40
Arturo Willingham,ArturoWillingham@gmail.com,1995-03-02 12:15:27,male,8342$,+7(905)510-97-32
Ashlee Stephenson,AshleeStephenson@gmail.com,2014-03-10 16:37:32,male,8342$,+7(981)261-84-49
Ashley Gonzales,AshleyGonzales@gmail.com,2015-12-31 09:06:09,male,8342$,+7(969)676-31-31
Ashley Slover,AshleySlover@gmail.com,1987-01-24 22:05:02,male,8342$,+7(944)551-10-89
Augustine Johnson,AugustineJohnson@gmail.com,2015-10-09 13:09:59,male,8342$,+7(961)385-25-83
Avery Barnes,AveryBarnes@gmail.com,2013-01-13 11:18:38,male,8342$,+7(978)109-58-41
Barbara Bingaman,BarbaraBingaman@gmail.com,2007-06-03 14:26:45,male,8342$,+7(980)490-96-95
Barbara Capizzi,BarbaraCapizzi@gmail.com,2015-01-05 19:45:04,male,8342$,+7(984)578-21-95
Barbara Chadbourne,BarbaraChadbourne@gmail.com,2021-06-06 12:37:55,male,8342$,+7(999)388-12-28
Barbara Kelly,BarbaraKelly@gmail.com,2017-05-18 06:08:04,male,8342$,+7(934)800-69-14
Barbara Leblanc,BarbaraLeblanc@gmail.com,2006-04-18 03:51:54,male,8342$,+7(927)347-72-59
Barbara Tate,BarbaraTate@gmail.com,2008-07-08 07:50:58,male,8342$,+7(986)368-93-23
Barbara Valenzuela,BarbaraValenzuela@gmail.com,2021-09-22 02:06:34,male,8342$,+7(977)477-80-65
Barbie Norman,BarbieNorman@gmail.com,2016-12-08 13:41:13,male,8342$,+7(911)454-76-78
Barry Daley,BarryDaley@gmail.com,2013-11-27 07:31:09,male,8342$,+7(938)141-62-83
Beau Edwards,BeauEdwards@gmail.com,2016-12-03 19:09:33,male,8342$,+7(936)359-74-42
Becky Esbenshade,BeckyEsbenshade@gmail.com,2014-12-16 18:27:52,male,8342$,+7(965)642-15-52
Becky Parker,BeckyParker@gmail.com,2004-04-22 08:54:46,male,8342$,+7(919)677-48-65
Belle Sauer,BelleSauer@gmail.com,2016-10-11 00:29:36,male,8342$,+7(991)685-82-62
Benita Fillmore,BenitaFillmore@gmail.com,2019-08-31 02:43:02,male,8342$,+7(959)222-61-43
Benjamin Powell,BenjaminPowell@gmail.com,2011-07-12 09:54:06,male,8342$,+7(972)337-48-14
Berta Blackmore,BertaBlackmore@gmail.com,2015-06-13 07:26:40,male,8342$,+7(988)185-26-37
Bertha Lyons,BerthaLyons@gmail.com,2012-05-24 06:53:17,male,8342$,+7(981)217-83-91
Bessie Desoto,BessieDesoto@gmail.com,1996-08-28 13:09:22,male,8342$,+7(990)783-23-15
Bessie Worthington,BessieWorthington@gmail.com,2016-12-06 15:17:56,male,8342$,+7(918)344-16-92
Betsy Mitchell,BetsyMitchell@gmail.com,2019-05-03 07:16:18,male,8342$,+7(913)787-72-27
Betty Kennedy,BettyKennedy@gmail.com,1981-05-06 22:55:23,male,8342$,+7(992)210-33-88
Betty Leach,BettyLeach@gmail.com,2014-07-25 20:09:29,male,8342$,+7(965)456-85-84
Betty Skrebes,BettySkrebes@gmail.com,2017-08-12 20:10:00,male,8342$,+7(956)246-65-43
Betty Taylor,BettyTaylor@gmail.com,2015-05-10 07:42:08,male,8342$,+7(948)406-34-91
Betty Thayer,BettyThayer@gmail.com,2020-06-16 07:26:25,male,8342$,+7(997)269-81-12
Beulah Huitt,BeulahHuitt@gmail.com,2011-09-28 08:28:38,male,8342$,+7(914)566-92-38
Beverlee Fejes,BeverleeFejes@gmail.com,2011-10-22 23:04:07,male,8342$,+7(905)419-92-99
Beverly Gaydos,BeverlyGaydos@gmail.com,2021-06-17 03:18:31,male,8342$,+7(903)454-23-92
Beverly Hobbs,BeverlyHobbs@gmail.com,2017-10-10 13:27:07,male,8342$,+7(943)717-22-60
Bill Deleon,BillDeleon@gmail.com,2017-03-30 05:08:41,male,8342$,+7(970)135-36-14
Billy Galindo,BillyGalindo@gmail.com,2017-10-05 18:48:22,male,8342$,+7(901)236-38-77
Billy Hill,BillyHill@gmail.com,2014-01-14 07:44:02,male,8342$,+7(907)369-31-55
Blake Sanderson,BlakeSanderson@gmail.com,2014-10-21 10:04:57,male,8342$,+7(956)158-58-98
Blanch Brewer,BlanchBrewer@gmail.com,2018-11-03 11:29:39,male,8342$,+7(937)503-56-53
Bob Cresci,BobCresci@gmail.com,2016-11-11 04:56:00,male,8342$,+7(909)615-18-16
Bobby Kaufman,BobbyKaufman@gmail.com,2017-10-26 05:42:03,male,8342$,+7(904)657-66-85
Bobby Madlung,BobbyMadlung@gmail.com,2012-02-22 21:49:54,male,8342$,+7(933)219-61-74
Bonnie Anderson,BonnieAnderson@gmail.com,2015-02-28 03:54:48,male,8342$,+7(934)507-46-70
Booker Keys,BookerKeys@gmail.com,2019-03-12 09:24:40,male,8342$,+7(973)112-78-92
Bradley Tung,BradleyTung@gmail.com,2016-08-24 08:29:59,male,8342$,+7(957)128-38-86
Brandon Cannon,BrandonCannon@gmail.com,2011-08-14 16:44:30,male,8342$,+7(933)508-67-73
Brandon May,BrandonMay@gmail.com,2012-11-19 22:02:29,male,8342$,+7(940)258-53-70
Brandon Wackerly,BrandonWackerly@gmail.com,2005-11-19 13:12:23,male,8342$,+7(919)313-46-65
Brenda Johnson,BrendaJohnson@gmail.com,2003-11-27 02:59:41,male,8342$,+7(991)777-76-30
Brent Stassi,BrentStassi@gmail.com,1998-06-25 00:22:39,male,8342$,+7(947)511-67-88
Bret Devore,BretDevore@gmail.com,2012-11-25 04:41:25,male,8342$,+7(948)164-96-88
Bret Muller,BretMuller@gmail.com,2008-10-19 23:07:03,male,8342$,+7(919)262-62-53
Brett Bell,BrettBell@gmail.com,2018-03-23 23:18:46,male,8342$,+7(956)159-73-94
Brian Allen,BrianAllen@gmail.com,2006-05-11 19:27:36,male,8342$,+7(939)762-75-65
Brian Horn,BrianHorn@gmail.com,2012-05-03 13:28:36,male,8342$,+7(972)659-55-59
Brian Miller,BrianMiller@gmail.com,2018-07-25 19:23:32,male,8342$,+7(917)304-38-17
Brian Mullins,BrianMullins@gmail.com,2015-01-14 15:39:47,male,8342$,+7(930)410-41-62
Brianna Fletcher,BriannaFletcher@gmail.com,2012-03-26 16:02:09,male,8342$,+7(965)462-99-42
Brittney Bailey,BrittneyBailey@gmail.com,2013-08-08 22:52:08,male,8342$,+7(942)162-42-56
Brooke Dickson,BrookeDickson@gmail.com,2019-07-14 05:37:28,male,8342$,+7(908)390-64-10
Brooke Recher,BrookeRecher@gmail.com,2008-11-17 11:27:37,male,8342$,+7(915)740-74-22
Bruce Haight,BruceHaight@gmail.com,2011-08-25 21:03:17,male,8342$,+7(971)762-75-37
Bruce Jennings,BruceJennings@gmail.com,2003-10-14 17:37:42,male,8342$,+7(922)301-24-64
Bryan Barrera,BryanBarrera@gmail.com,2012-09-12 12:21:35,male,8342$,+7(936)412-42-45
Bryan Davis,BryanDavis@gmail.com,2012-01-17 19:38:18,male,8342$,+7(938)206-70-24
Buddy Parkins,BuddyParkins@gmail.com,1986-04-26 02:05:49,male,8342$,+7(961)684-11-15
Buddy Vue,BuddyVue@gmail.com,2018-12-06 01:45:57,male,8342$,+7(944)452-49-23
Camille Gregson,CamilleGregson@gmail.com,2017-08-22 07:55:41,male,8342$,+7(949)378-73-26
Carl Flanagan,CarlFlanagan@gmail.com,2017-12-08 06:47:48,male,8342$,+7(959)248-55-90
Carl Lamke,CarlLamke@gmail.com,1998-03-02 18:52:09,male,8342$,+7(910)433-74-12
Carl Montoya,CarlMontoya@gmail.com,2010-01-29 08:35:41,male,8342$,+7(976)562-88-98
Carl Rustin,CarlRustin@gmail.com,2019-05-10 21:01:59,male,8342$,+7(923)153-22-15
Carl Wieczorek,CarlWieczorek@gmail.com,2015-07-27 19:42:27,male,8342$,+7(906)474-43-87
Carla Rice,CarlaRice@gmail.com,2017-02-06 16:43:03,male,8342$,+7(906)392-56-24
Carla Smith,CarlaSmith@gmail.com,2021-10-15 21:56:51,male,8342$,+7(925)610-56-87
Carlene Pickron,CarlenePickron@gmail.com,2021-06-17 10:46:58,male,8342$,+7(960)204-31-29
Carlos Anderson,CarlosAnderson@gmail.com,2017-01-30 03:50:40,male,8342$,+7(999)419-63-34
Carol Baldwin,CarolBaldwin@gmail.com,2016-09-25 18:53:05,male,8342$,+7(909)111-99-67
Carol Garcia,CarolGarcia@gmail.com,2014-11-14 12:03:54,male,8342$,+7(944)598-76-73
Carol Seith,CarolSeith@gmail.com,2013-07-14 13:00:39,male,8342$,+7(948)367-42-40
Carolyn Claunch,CarolynClaunch@gmail.com,2013-11-07 05:43:52,male,8342$,+7(974)518-35-22
Casey Randel,CaseyRandel@gmail.com,2001-09-05 02:47:08,male,8342$,+7(978)417-69-16
Cassandra Doyle,CassandraDoyle@gmail.com,2013-07-21 00:03:21,male,8342$,+7(970)473-48-67
Cassie Morgan,CassieMorgan@gmail.com,2018-05-01 05:56:50,male,8342$,+7(918)285-77-75
Catherine Casper,CatherineCasper@gmail.com,2014-02-09 16:54:31,male,8342$,+7(923)415-90-52
Catherine Morgan,CatherineMorgan@gmail.com,2018-10-30 10:32:09,male,8342$,+7(915)664-86-66
Catherine Schultheis,CatherineSchultheis@gmail.com,2019-02-19 06:40:26,male,8342$,+7(994)136-32-28
Catherine Shields,CatherineShields@gmail.com,2016-03-22 08:05:58,male,8342$,+7(982)348-89-75
Catherine White,CatherineWhite@gmail.com,2013-04-01 18:18:42,male,8342$,+7(931)723-81-28
Cathrine Rodrigues,CathrineRodrigues@gmail.com,1996-07-24 02:49:12,male,8342$,+7(913)439-78-93
Cathy Johnson,CathyJohnson@gmail.com,2013-12-25 21:58:36,male,8342$,+7(971)359-79-35
Cecilia Stewart,CeciliaStewart@gmail.com,2014-05-19 09:36:26,male,8342$,+7(998)652-47-23
Charles Caputo,CharlesCaputo@gmail.com,2012-02-16 02:39:37,male,8342$,+7(957)118-18-42
Charles Ciotti,CharlesCiotti@gmail.com,2007-09-30 02:35:27,male,8342$,+7(967)774-28-88
Charles Curl,CharlesCurl@gmail.com,2007-12-05 14:25:47,male,8342$,+7(991)113-35-15
Charles Gershon,CharlesGershon@gmail.com,2014-05-21 02:42:47,male,8342$,+7(954)208-62-15
Charles Rodriguez,CharlesRodriguez@gmail.com,1980-07-03 00:50:37,male,8342$,+7(925)420-51-42
Charles Roman,CharlesRoman@gmail.com,2020-02-03 01:59:10,male,8342$,+7(950)614-85-60
Charles Venkus,CharlesVenkus@gmail.com,2019-12-14 08:56:12,male,8342$,+7(971)418-58-62
Charles Walter,CharlesWalter@gmail.com,2019-06-19 18:09:16,male,8342$,+7(921)772-53-46
Charles Wang,CharlesWang@gmail.com,2005-02-04 20:57:41,male,8342$,+7(949)737-72-25
Charlotte Blackburn,CharlotteBlackburn@gmail.com,2014-04-29 16:13:20,male,8342$,+7(959)367-70-35
Cherrie Adler,CherrieAdler@gmail.com,2019-02-03 21:57:16,male,8342$,+7(937)438-20-56
Cheryl Agudo,CherylAgudo@gmail.com,2019-11-12 04:21:02,male,8342$,+7(924)498-99-11
Cheryl Tippetts,CherylTippetts@gmail.com,2012-06-23 16:59:00,male,8342$,+7(989)750-42-28
Chester Abraham,ChesterAbraham@gmail.com,2006-01-04 07:42:36,male,8342$,+7(990)561-12-62
Christina Carter,ChristinaCarter@gmail.com,2013-10-04 21:08:26,male,8342$,+7(938)140-10-60
Christina Heyd,ChristinaHeyd@gmail.com,2012-10-12 05:17:14,male,8342$,+7(992)663-81-16
Christina Wilson,ChristinaWilson@gmail.com,2013-06-20 06:03:22,male,8342$,+7(937)209-31-93
Christine Gaskins,ChristineGaskins@gmail.com,2015-03-06 16:09:03,male,8342$,+7(924)492-19-41
Christine Kinchen,ChristineKinchen@gmail.com,2021-08-31 13:41:39,male,8342$,+7(994)673-90-75
Christine Zuniga,ChristineZuniga@gmail.com,1984-09-18 21:34:56,male,8342$,+7(903)376-31-25
Christopher Allen,ChristopherAllen@gmail.com,2015-04-15 16:03:47,male,8342$,+7(919)607-36-76
Christopher Garcia,ChristopherGarcia@gmail.com,2014-06-14 00:23:30,male,8342$,+7(978)360-15-76
Christy Rankins,ChristyRankins@gmail.com,2014-11-16 06:01:42,male,8342$,+7(947)628-88-28
Chrystal Simon,ChrystalSimon@gmail.com,2014-11-02 14:28:38,male,8342$,+7(951)398-33-85
Cindy Coffey,CindyCoffey@gmail.com,2021-01-09 20:12:36,male,8342$,+7(941)724-87-99
Cindy Hathaway,CindyHathaway@gmail.com,2016-11-04 19:49:27,male,8342$,+7(981)167-36-42
Cindy Myles,CindyMyles@gmail.com,2001-11-09 20:02:11,male,8342$,+7(983)484-33-58
Cindy Smith,CindySmith@gmail.com,2016-03-28 03:45:10,male,8342$,+7(954)383-98-94
Cindy Weiler,CindyWeiler@gmail.com,2021-04-12 03:25:22,male,8342$,+7(936)143-14-36
Clarence Henry,ClarenceHenry@gmail.com,2002-07-14 23:11:52,male,8342$,+7(996)509-33-41
Claudio Marcucci,ClaudioMarcucci@gmail.com,2002-07-03 02:53:38,male,8342$,+7(996)607-34-28
Clementina Mitchell,ClementinaMitchell@gmail.com,2013-12-22 16:01:52,male,8342$,+7(917)347-81-40
Cleveland Pavlik,ClevelandPavlik@gmail.com,1981-06-10 12:07:31,male,8342$,+7(900)474-26-95
Clifford Sanders,CliffordSanders@gmail.com,2007-03-22 02:13:31,male,8342$,+7(995)194-74-79
Clint Mccarley,ClintMccarley@gmail.com,2013-01-19 11:25:43,male,8342$,+7(932)744-88-33
Colleen Lewis,ColleenLewis@gmail.com,2018-11-10 16:11:30,male,8342$,+7(939)519-34-58
Constance Laporte,ConstanceLaporte@gmail.com,2017-11-14 10:51:26,male,8342$,+7(974)629-83-94
Constance Valadez,ConstanceValadez@gmail.com,2011-12-10 19:09:27,male,8342$,+7(963)363-11-54
Corey Kahn,CoreyKahn@gmail.com,2009-01-09 08:21:39,male,8342$,+7(930)126-32-89
Cory Cross,CoryCross@gmail.com,2017-10-28 05:03:59,male,8342$,+7(989)220-87-41
Courtney Byers,CourtneyByers@gmail.com,2019-08-10 21:01:34,male,8342$,+7(937)109-71-90
Crystal Watkins,CrystalWatkins@gmail.com,2016-12-31 20:56:46,male,8342$,+7(909)573-31-86
Cynthia Vaughan,CynthiaVaughan@gmail.com,1987-05-27 07:15:08,male,8342$,+7(963)588-37-26
Cyrus Andujar,CyrusAndujar@gmail.com,1997-06-22 03:45:50,male,8342$,+7(957)123-60-79
Daisey Hutchinson,DaiseyHutchinson@gmail.com,2019-08-08 08:13:33,male,8342$,+7(981)441-33-31
Dale Deyoe,DaleDeyoe@gmail.com,2004-11-05 06:49:29,male,8342$,+7(944)655-41-95
Dale Zepp,DaleZepp@gmail.com,2013-03-30 04:54:42,male,8342$,+7(917)756-71-53
Dallas Williams,DallasWilliams@gmail.com,2014-07-26 14:51:34,male,8342$,+7(970)258-97-15
Damon Ward,DamonWard@gmail.com,2011-09-25 15:06:38,male,8342$,+7(995)101-96-29
Daniel Armstrong,DanielArmstrong@gmail.com,2021-07-23 15:52:06,male,8342$,+7(937)432-39-29
Daniel Taylor,DanielTaylor@gmail.com,1988-04-30 19:29:40,male,8342$,+7(911)647-47-49
Danny Galindez,DannyGalindez@gmail.com,2007-09-21 00:18:10,male,8342$,+7(949)574-43-57
Dante Jensen,DanteJensen@gmail.com,2017-07-28 00:56:54,male,8342$,+7(985)625-47-94
Daren Miller,DarenMiller@gmail.com,1994-07-12 02:40:45,male,8342$,+7(979)395-95-46
Darlene Deibel,DarleneDeibel@gmail.com,2020-12-27 16:02:24,male,8342$,+7(996)287-52-32
Darnell Gandy,DarnellGandy@gmail.com,2016-08-01 05:44:26,male,8342$,+7(958)112-20-40
Darren Ridgeway,DarrenRidgeway@gmail.com,1991-10-05 01:01:11,male,8342$,+7(975)737-13-23
Darren Shaw,DarrenShaw@gmail.com,2016-02-18 01:54:09,male,8342$,+7(995)506-12-10
Darryl Bachrach,DarrylBachrach@gmail.com,2019-03-16 07:16:06,male,8342$,+7(907)684-68-61
Darryl Handy,DarrylHandy@gmail.com,2018-02-23 15:55:23,male,8342$,+7(956)267-37-17
Darwin Quintana,DarwinQuintana@gmail.com,2021-06-18 23:44:58,male,8342$,+7(958)459-27-57
Daryl Hunter,DarylHunter@gmail.com,1988-05-09 00:19:14,male,8342$,+7(930)644-74-15
Dave Burns,DaveBurns@gmail.com,2021-07-01 10:17:32,male,8342$,+7(936)129-27-22
David Avila,DavidAvila@gmail.com,2004-10-16 04:04:16,male,8342$,+7(900)519-46-99
David Carrillo,DavidCarrillo@gmail.com,2005-04-11 01:41:06,male,8342$,+7(988)370-74-92
David Cash,DavidCash@gmail.com,2018-06-18 14:28:59,male,8342$,+7(920)702-95-17
David Castillo,DavidCastillo@gmail.com,2018-11-10 22:06:17,male,8342$,+7(947)206-44-32
David Connealy,DavidConnealy@gmail.com,2016-01-27 09:20:39,male,8342$,+7(961)299-70-22
David Cooper,DavidCooper@gmail.com,2019-03-15 16:31:10,male,8342$,+7(923)647-90-81
David Coyle,DavidCoyle@gmail.com,2013-03-26 15:22:28,male,8342$,+7(926)678-56-90
David Cramer,DavidCramer@gmail.com,2013-11-22 02:50:48,male,8342$,+7(904)311-31-45
David Fairchild,DavidFairchild@gmail.com,1989-06-15 18:58:41,male,8342$,+7(964)212-78-36
David Gordon,DavidGordon@gmail.com,2011-04-21 00:40:32,male,8342$,+7(914)517-76-69
David Hanley,DavidHanley@gmail.com,2015-05-19 20:14:29,male,8342$,+7(989)753-52-98
David Kelson,DavidKelson@gmail.com,2012-10-08 14:41:03,male,8342$,+7(951)408-54-31
David Kraft,DavidKraft@gmail.com,2014-11-07 06:24:08,male,8342$,+7(999)733-61-24
David Krause,DavidKrause@gmail.com,1982-01-07 12:19:31,male,8342$,+7(967)380-65-33
David Kuykendall,DavidKuykendall@gmail.com,2014-07-25 15:47:57,male,8342$,+7(992)485-41-58
David Mackay,DavidMackay@gmail.com,2019-11-19 21:39:16,male,8342$,+7(958)766-98-59
David Pitt,DavidPitt@gmail.com,2006-10-30 13:26:22,male,8342$,+7(983)129-22-93
David Schell,DavidSchell@gmail.com,2014-05-18 06:54:27,male,8342$,+7(992)305-55-19
Dawn Hale,DawnHale@gmail.com,2018-07-05 06:28:25,male,8342$,+7(921)533-58-90
Dawn Smith,DawnSmith@gmail.com,2002-04-28 22:36:03,male,8342$,+7(906)677-13-97
Dawn Taylor,DawnTaylor@gmail.com,2019-09-07 18:07:39,male,8342$,+7(925)506-35-68
Dawn Williams,DawnWilliams@gmail.com,2015-03-18 01:50:32,male,8342$,+7(912)574-18-39
Debora Reed,DeboraReed@gmail.com,2014-06-08 14:14:46,male,8342$,+7(993)787-49-36
Deborah Griffin,DeborahGriffin@gmail.com,2014-12-10 10:39:53,male,8342$,+7(920)686-59-75
Debra Winn,DebraWinn@gmail.com,2001-01-05 19:39:30,male,8342$,+7(973)491-52-48
Delma Jones,DelmaJones@gmail.com,2015-01-19 23:13:04,male,8342$,+7(993)260-87-18
Delores Bergesen,DeloresBergesen@gmail.com,2016-12-26 07:30:00,male,8342$,+7(916)141-10-71
Delores Irving,DeloresIrving@gmail.com,2011-07-27 00:03:34,male,8342$,+7(938)524-97-62
Denise Wilcox,DeniseWilcox@gmail.com,1997-04-05 14:41:34,male,8342$,+7(972)422-31-55
Dennis Rainey,DennisRainey@gmail.com,2020-06-05 15:46:22,male,8342$,+7(964)145-13-15
Dexter Jones,DexterJones@gmail.com,2020-12-25 19:01:18,male,8342$,+7(915)353-35-46
Diane Dowell,DianeDowell@gmail.com,2013-02-24 05:47:27,male,8342$,+7(988)569-96-11
Diane Malinski,DianeMalinski@gmail.com,2014-05-27 04:48:28,male,8342$,+7(929)566-69-68
Diane Mcqueen,DianeMcqueen@gmail.com,2016-06-24 22:14:55,male,8342$,+7(999)668-71-27
Domingo Blakeney,DomingoBlakeney@gmail.com,2017-10-13 08:36:34,male,8342$,+7(950)306-93-75
Dona Nichols,DonaNichols@gmail.com,2019-01-27 17:31:19,male,8342$,+7(990)799-89-28
Donald Davis,DonaldDavis@gmail.com,2018-03-01 22:13:42,male,8342$,+7(950)726-93-40
Donald Paletta,DonaldPaletta@gmail.com,2011-06-13 07:40:34,male,8342$,+7(936)249-81-98
Donald Simms,DonaldSimms@gmail.com,2015-09-08 11:23:20,male,8342$,+7(945)140-77-35
Donna Coello,DonnaCoello@gmail.com,1996-04-18 00:30:20,male,8342$,+7(975)452-94-45
Donna Jones,DonnaJones@gmail.com,2015-05-06 12:54:08,male,8342$,+7(992)513-45-92
Donnie Garza,DonnieGarza@gmail.com,2020-10-14 20:46:35,male,8342$,+7(952)540-31-87
Doris Heizman,DorisHeizman@gmail.com,2012-07-07 13:41:05,male,8342$,+7(942)616-92-90
Doris Kriss,DorisKriss@gmail.com,2002-03-22 21:21:54,male,8342$,+7(997)271-55-39
Doris Sanders,DorisSanders@gmail.com,2012-12-01 03:34:42,male,8342$,+7(950)329-11-66
Dorothy Barnhart,DorothyBarnhart@gmail.com,2014-08-07 21:19:23,male,8342$,+7(925)125-37-44
Dorothy Bernard,DorothyBernard@gmail.com,2019-03-14 05:50:32,male,8342$,+7(961)604-63-21
Douglas Williams,DouglasWilliams@gmail.com,2018-04-21 22:48:37,male,8342$,+7(903)166-19-20
Duane Bourque,DuaneBourque@gmail.com,2021-01-01 05:05:06,male,8342$,+7(955)566-47-21
Dulce Mcneal,DulceMcneal@gmail.com,2016-11-27 05:43:39,male,8342$,+7(932)495-98-71
Dustin Rios,DustinRios@gmail.com,2011-06-07 18:38:31,male,8342$,+7(936)539-39-64
Edgar Silva,EdgarSilva@gmail.com,1996-05-10 19:09:23,male,8342$,+7(984)509-74-42
Edith Garner,EdithGarner@gmail.com,1990-01-31 13:17:36,male,8342$,+7(983)608-67-28
Edmond Cupples,EdmondCupples@gmail.com,2021-12-21 18:32:48,male,8342$,+7(908)171-17-82
Edna Macfarlane,EdnaMacfarlane@gmail.com,2020-07-19 00:27:53,male,8342$,+7(992)769-76-65
Eduardo Leech,EduardoLeech@gmail.com,2015-03-12 00:13:25,male,8342$,+7(934)769-29-93
Edward Roeber,EdwardRoeber@gmail.com,2020-12-11 18:15:59,male,8342$,+7(928)373-70-38
Edward Washington,EdwardWashington@gmail.com,2015-01-31 19:39:14,male,8342$,+7(967)613-60-36
Edwin Sanchez,EdwinSanchez@gmail.com,2016-11-01 10:52:24,male,8342$,+7(989)451-18-94
Efrain Dunn,EfrainDunn@gmail.com,2015-08-06 02:07:10,male,8342$,+7(916)467-40-82
Eileen Joseph,EileenJoseph@gmail.com,2016-04-05 16:08:45,male,8342$,+7(956)753-11-86
Eleanor Cannon,EleanorCannon@gmail.com,2012-01-10 01:23:52,male,8342$,+7(981)782-58-11
Elias Crosby,EliasCrosby@gmail.com,2020-02-05 16:14:16,male,8342$,+7(939)634-29-94
Elisa Esmond,ElisaEsmond@gmail.com,1994-01-23 17:34:53,male,8342$,+7(999)745-90-98
Elizabeth Balas,ElizabethBalas@gmail.com,2020-06-05 22:38:07,male,8342$,+7(984)158-30-56
Elizabeth Bean,ElizabethBean@gmail.com,2008-07-08 18:02:02,male,8342$,+7(926)409-67-95
Elizabeth Childress,ElizabethChildress@gmail.com,2011-02-06 12:25:27,male,8342$,+7(926)258-40-13
Elizabeth Lopez,ElizabethLopez@gmail.com,2021-05-24 07:36:55,male,8342$,+7(970)349-68-90
Ella Patton,EllaPatton@gmail.com,1998-12-23 12:48:27,male,8342$,+7(961)282-79-44
Ellis Xia,EllisXia@gmail.com,2014-09-24 03:41:18,male,8342$,+7(925)208-74-24
Elmer Holland,ElmerHolland@gmail.com,2012-01-22 23:21:09,male,8342$,+7(910)531-83-71
Elmer Preskar,ElmerPreskar@gmail.com,2021-03-23 10:51:42,male,8342$,+7(971)114-80-75
Elmer Wright,ElmerWright@gmail.com,2018-09-06 01:15:55,male,8342$,+7(946)593-64-95
Elnora Crocker,ElnoraCrocker@gmail.com,2015-08-24 01:52:55,male,8342$,+7(925)415-18-49
Emma Osborne,EmmaOsborne@gmail.com,1998-10-21 00:30:51,male,8342$,+7(902)274-80-86
Emory Saugis,EmorySaugis@gmail.com,2009-02-25 12:53:00,male,8342$,+7(959)495-79-81
Eric Grimsley,EricGrimsley@gmail.com,2015-05-02 19:44:12,male,8342$,+7(955)740-24-19
Eric Vega,EricVega@gmail.com,2005-01-12 12:20:02,male,8342$,+7(942)742-42-18
Erika Patry,ErikaPatry@gmail.com,2013-01-22 16:30:41,male,8342$,+7(985)600-39-84
Ernest Chacon,ErnestChacon@gmail.com,2014-11-01 06:53:51,male,8342$,+7(996)794-53-46
Ernest Jordan,ErnestJordan@gmail.com,2021-07-30 08:19:50,male,8342$,+7(900)151-41-61
Estella Lozano,EstellaLozano@gmail.com,2000-11-05 08:03:07,male,8342$,+7(962)190-65-58
Etha Miller,EthaMiller@gmail.com,2014-08-12 14:27:47,male,8342$,+7(908)246-46-99
Eva Rose,EvaRose@gmail.com,2013-01-09 20:31:46,male,8342$,+7(965)153-91-97
Evan Whitney,EvanWhitney@gmail.com,2021-09-07 09:05:00,male,8342$,+7(988)556-47-23
Evelyn Lea,EvelynLea@gmail.com,1999-02-25 10:58:27,male,8342$,+7(920)407-46-83
Evelyn Mccann,EvelynMccann@gmail.com,2021-01-04 04:30:25,male,8342$,+7(983)517-23-60
Everett Pedroza,EverettPedroza@gmail.com,2011-05-20 19:54:33,male,8342$,+7(996)254-11-66
Fatima Clements,FatimaClements@gmail.com,2002-11-27 02:05:07,male,8342$,+7(936)641-31-27
Felipe Johnson,FelipeJohnson@gmail.com,2011-02-11 14:41:28,male,8342$,+7(932)697-88-34
Felix Blanke,FelixBlanke@gmail.com,2015-05-31 18:59:51,male,8342$,+7(968)745-51-49
Florence Chapman,FlorenceChapman@gmail.com,1995-12-01 06:00:50,male,8342$,+7(926)676-12-14
Flossie Bennett,FlossieBennett@gmail.com,2019-12-07 00:33:30,male,8342$,+7(906)101-62-66
Floyd Corell,FloydCorell@gmail.com,2018-12-31 00:06:07,male,8342$,+7(956)469-42-81
Forest Cuzco,ForestCuzco@gmail.com,2016-04-21 08:30:59,male,8342$,+7(916)200-20-17
Frances Moten,FrancesMoten@gmail.com,2004-08-22 10:12:22,male,8342$,+7(979)271-62-29
Frances Munoz,FrancesMunoz@gmail.com,2021-12-12 07:26:26,male,8342$,+7(926)359-32-76
Francis Andrade,FrancisAndrade@gmail.com,2020-06-12 04:41:31,male,8342$,+7(989)463-99-76
Frank Hedin,FrankHedin@gmail.com,2011-05-17 17:12:37,male,8342$,+7(986)710-63-78
Frank Loiselle,FrankLoiselle@gmail.com,2013-10-26 23:25:11,male,8342$,+7(917)530-15-60
Frank Ruffin,FrankRuffin@gmail.com,2009-10-30 15:49:46,male,8342$,+7(927)558-33-85
Frank Sperdute,FrankSperdute@gmail.com,2016-04-04 07:05:09,male,8342$,+7(911)360-77-94
Frank Wilbert,FrankWilbert@gmail.com,1982-06-09 00:46:59,male,8342$,+7(996)389-34-92
Fred Waller,FredWaller@gmail.com,2019-08-16 17:06:05,male,8342$,+7(917)642-41-86
Gabriel Armstrong,GabrielArmstrong@gmail.com,2013-02-07 01:24:56,male,8342$,+7(954)142-57-63
Gabriel Haynes,GabrielHaynes@gmail.com,2013-01-22 15:55:04,male,8342$,+7(998)276-57-88
Gail Blackwell,GailBlackwell@gmail.com,2013-09-13 01:13:42,male,8342$,+7(967)131-85-37
Garnet Ramirez,GarnetRamirez@gmail.com,2012-04-21 04:36:59,male,8342$,+7(941)594-43-32
Garry Lance,GarryLance@gmail.com,2002-05-28 22:37:21,male,8342$,+7(998)313-48-55
Gary Kutscher,GaryKutscher@gmail.com,2011-04-13 00:06:28,male,8342$,+7(916)558-81-36
Gary West,GaryWest@gmail.com,2005-04-02 02:49:59,male,8342$,+7(980)231-39-35
Gena Luna,GenaLuna@gmail.com,2017-10-26 02:00:47,male,8342$,+7(953)557-56-23
Gene Conrad,GeneConrad@gmail.com,2013-05-06 09:00:55,male,8342$,+7(964)277-57-82
Genevieve Church,GenevieveChurch@gmail.com,2005-03-21 03:31:38,male,8342$,+7(995)215-52-96
George Anderson,GeorgeAnderson@gmail.com,2013-07-13 11:59:17,male,8342$,+7(993)317-67-88
George Heard,GeorgeHeard@gmail.com,2014-06-11 20:08:08,male,8342$,+7(913)464-39-67
George Meier,GeorgeMeier@gmail.com,2018-11-05 11:46:50,male,8342$,+7(995)743-69-21
Gerald Briggs,GeraldBriggs@gmail.com,2015-06-01 01:20:06,male,8342$,+7(936)441-43-83
Geraldine Jaffe,GeraldineJaffe@gmail.com,2020-06-09 19:08:25,male,8342$,+7(927)295-52-86
Geraldine Jones,GeraldineJones@gmail.com,2011-12-20 03:03:21,male,8342$,+7(910)591-84-64
Gertrude Lawrence,GertrudeLawrence@gmail.com,2012-07-26 10:07:01,male,8342$,+7(901)464-63-51
Gina Thompson,GinaThompson@gmail.com,2018-01-28 05:48:39,male,8342$,+7(905)338-90-13
Gladys Casey,GladysCasey@gmail.com,2008-01-15 06:45:46,male,8342$,+7(912)166-75-52
Glen Burlingham,GlenBurlingham@gmail.com,2015-01-18 05:14:10,male,8342$,+7(922)555-13-81
Glenda Gamboa,GlendaGamboa@gmail.com,2019-04-07 00:41:51,male,8342$,+7(934)406-72-42
Gloria Cooke,GloriaCooke@gmail.com,2000-01-20 10:57:30,male,8342$,+7(930)243-11-76
Gloria Randle,GloriaRandle@gmail.com,2007-01-17 10:18:16,male,8342$,+7(937)599-10-75
Gordon Gallaway,GordonGallaway@gmail.com,2009-08-19 11:32:48,male,8342$,+7(944)701-67-36
Gregory Taylor,GregoryTaylor@gmail.com,2017-03-21 19:15:04,male,8342$,+7(988)245-60-35
Gregory Wilson,GregoryWilson@gmail.com,1994-02-18 18:07:13,male,8342$,+7(915)696-16-42
Guadalupe Avery,GuadalupeAvery@gmail.com,1984-09-11 15:52:10,male,8342$,+7(982)669-86-48
Guadalupe Fearn,GuadalupeFearn@gmail.com,2017-07-19 18:15:31,male,8342$,+7(947)200-94-13
Gwen Johnson,GwenJohnson@gmail.com,2016-07-26 18:26:18,male,8342$,+7(931)552-85-46
Harley Markham,HarleyMarkham@gmail.com,2019-09-19 16:39:24,male,8342$,+7(949)722-19-52
Harold King,HaroldKing@gmail.com,2015-08-03 03:52:03,male,8342$,+7(988)180-53-47
Harold Pham,HaroldPham@gmail.com,2020-01-09 08:19:07,male,8342$,+7(934)734-77-85
Harriet Stenberg,HarrietStenberg@gmail.com,1980-01-12 15:44:10,male,8342$,+7(961)494-42-37
Harriett White,HarriettWhite@gmail.com,2013-05-30 08:26:55,male,8342$,+7(905)679-87-61
Harvey Ferguson,HarveyFerguson@gmail.com,2011-07-19 07:07:34,male,8342$,+7(952)295-86-27
Harvey Littlejohn,HarveyLittlejohn@gmail.com,2011-05-21 12:57:38,male,8342$,+7(952)334-43-29
Hattie Fowler,HattieFowler@gmail.com,2014-02-17 23:07:16,male,8342$,+7(912)580-37-80
Hazel Santana,HazelSantana@gmail.com,2003-11-14 00:37:31,male,8342$,+7(981)791-25-20
Heather Gerace,HeatherGerace@gmail.com,1991-08-31 23:39:43,male,8342$,+7(905)620-21-47
Heather Offield,HeatherOffield@gmail.com,2013-09-10 20:29:29,male,8342$,+7(946)679-15-87
Heather Reinhardt,HeatherReinhardt@gmail.com,2013-04-24 13:19:43,male,8342$,+7(978)368-37-84
Helen Glover,HelenGlover@gmail.com,2019-09-17 09:37:59,male,8342$,+7(952)290-88-76
Helen Hawkins,HelenHawkins@gmail.com,1987-06-19 12:55:07,male,8342$,+7(980)394-21-39
Helen Jones,HelenJones@gmail.com,2007-07-15 03:22:55,male,8342$,+7(922)350-68-72
Helen Keen,HelenKeen@gmail.com,2021-02-15 06:00:01,male,8342$,+7(910)162-97-86
Helen Sizemore,HelenSizemore@gmail.com,2021-09-12 05:15:56,male,8342$,+7(990)628-34-14
Helen Stevens,HelenStevens@gmail.com,2018-03-29 20:32:13,male,8342$,+7(909)537-81-22
Henry Hyun,HenryHyun@gmail.com,2014-11-16 17:20:50,male,8342$,+7(960)564-89-90
Henry Painter,HenryPainter@gmail.com,2021-11-04 05:48:55,male,8342$,+7(936)190-87-51
Henry Silva,HenrySilva@gmail.com,2017-10-17 11:21:06,male,8342$,+7(957)321-31-42
Henry Washington,HenryWashington@gmail.com,1991-07-16 05:50:47,male,8342$,+7(945)561-87-58
Herbert Moore,HerbertMoore@gmail.com,2014-10-07 21:02:50,male,8342$,+7(983)342-35-86
Herman Mascarenas,HermanMascarenas@gmail.com,2013-02-15 16:27:52,male,8342$,+7(911)308-44-29
Hisako Schroot,HisakoSchroot@gmail.com,2020-06-13 05:18:01,male,8342$,+7(949)675-95-42
Holly Cervantes,HollyCervantes@gmail.com,2021-02-06 18:55:19,male,8342$,+7(957)675-94-50
Hortencia Bernardo,HortenciaBernardo@gmail.com,2021-09-22 21:41:21,male,8342$,+7(980)677-68-23
Ida Stevens,IdaStevens@gmail.com,2014-02-25 01:09:03,male,8342$,+7(947)476-96-17
Ima Guerra,ImaGuerra@gmail.com,1995-10-09 16:21:45,male,8342$,+7(983)721-22-76
Inez Massey,InezMassey@gmail.com,2021-01-11 15:01:05,male,8342$,+7(919)584-49-73
Inez Mcloughlin,InezMcloughlin@gmail.com,2016-10-16 03:26:23,male,8342$,+7(963)579-14-72
Irene Steptoe,IreneSteptoe@gmail.com,2002-09-17 19:37:35,male,8342$,+7(969)767-36-70
Iris Alderman,IrisAlderman@gmail.com,2020-07-13 14:13:06,male,8342$,+7(991)342-77-71
Isabell Bierman,IsabellBierman@gmail.com,2017-04-29 03:08:50,male,8342$,+7(957)402-16-50
Isaias Harding,IsaiasHarding@gmail.com,2013-11-16 20:12:54,male,8342$,+7(970)312-60-14
Jack Custer,JackCuster@gmail.com,2017-08-20 12:13:06,male,8342$,+7(902)530-12-58
Jack Lieb,JackLieb@gmail.com,2010-11-09 14:25:10,male,8342$,+7(924)167-35-91
Jacob Arias,JacobArias@gmail.com,1996-07-24 11:11:08,male,8342$,+7(955)420-31-28
Jacob Kitchen,JacobKitchen@gmail.com,2003-12-08 11:11:20,male,8342$,+7(907)140-23-96
Jacqueline Prewitt,JacquelinePrewitt@gmail.com,2019-07-01 13:48:22,male,8342$,+7(960)710-24-37
Jacqui Vigil,JacquiVigil@gmail.com,2015-01-12 07:05:40,male,8342$,+7(907)109-56-64
Jamar Oliver,JamarOliver@gmail.com,2011-06-14 12:12:29,male,8342$,+7(991)353-53-25
James Beitel,JamesBeitel@gmail.com,2018-03-08 18:05:35,male,8342$,+7(993)275-29-79
James Berg,JamesBerg@gmail.com,2021-06-16 12:58:10,male,8342$,+7(904)667-19-47
James Darden,JamesDarden@gmail.com,2011-09-18 06:01:31,male,8342$,+7(981)785-66-53
James Edwards,JamesEdwards@gmail.com,2014-12-18 21:40:15,male,8342$,+7(985)424-15-82
James Ellis,JamesEllis@gmail.com,2020-10-06 13:22:04,male,8342$,+7(941)370-92-71
James Farquhar,JamesFarquhar@gmail.com,2017-03-28 02:22:11,male,8342$,+7(926)752-65-71
James Garza,JamesGarza@gmail.com,1995-11-07 05:21:55,male,8342$,+7(956)652-34-54
James Gunter,JamesGunter@gmail.com,2014-10-25 06:50:23,male,8342$,+7(942)127-30-96
James Hansen,JamesHansen@gmail.com,2021-10-30 06:00:11,male,8342$,+7(901)504-80-54
James Hendrix,JamesHendrix@gmail.com,1991-09-15 11:11:45,male,8342$,+7(966)244-11-12
James Justice,JamesJustice@gmail.com,2017-04-09 04:36:31,male,8342$,+7(981)425-41-46
James Kelter,JamesKelter@gmail.com,2016-01-24 20:16:03,male,8342$,+7(923)235-94-38
James Miller,JamesMiller@gmail.com,1990-04-23 09:04:03,male,8342$,+7(925)710-29-66
James Naranjo,JamesNaranjo@gmail.com,2016-10-31 08:27:29,male,8342$,+7(931)210-77-85
James Osborne,JamesOsborne@gmail.com,2011-02-07 23:05:50,male,8342$,+7(913)375-63-14
James Payne,JamesPayne@gmail.com,2013-05-06 01:30:52,male,8342$,+7(923)152-10-48
James Pope,JamesPope@gmail.com,2019-04-27 15:59:17,male,8342$,+7(910)620-87-52
James Ruiz,JamesRuiz@gmail.com,2012-12-28 10:58:23,male,8342$,+7(921)783-15-65
James Spivey,JamesSpivey@gmail.com,1993-07-04 10:15:57,male,8342$,+7(919)312-48-86
James Yoes,JamesYoes@gmail.com,2007-05-19 16:08:55,male,8342$,+7(933)358-92-10
Jami Ray,JamiRay@gmail.com,2012-08-24 00:02:20,male,8342$,+7(935)407-55-52
Jamie Bailey,JamieBailey@gmail.com,2017-01-16 05:36:47,male,8342$,+7(964)215-48-14
Jamie Vanaria,JamieVanaria@gmail.com,2012-06-18 20:55:23,male,8342$,+7(982)694-32-28
Jan Schroeder,JanSchroeder@gmail.com,2012-04-05 04:35:14,male,8342$,+7(925)681-20-37
Jana Bruce,JanaBruce@gmail.com,2020-10-07 09:21:29,male,8342$,+7(958)479-18-37
Jane Johnson,JaneJohnson@gmail.com,2013-02-19 15:04:54,male,8342$,+7(986)640-80-93
Janette Cortez,JanetteCortez@gmail.com,2015-02-19 16:01:51,male,8342$,+7(947)652-77-51
Janis Hughes,JanisHughes@gmail.com,2016-01-28 15:17:03,male,8342$,+7(965)488-75-24
Janis Johnson,JanisJohnson@gmail.com,1999-08-26 04:14:11,male,8342$,+7(933)274-63-64
Jason Johnson,JasonJohnson@gmail.com,2012-10-19 19:40:06,male,8342$,+7(976)551-18-39
Jason Pruett,JasonPruett@gmail.com,2016-07-31 09:47:05,male,8342$,+7(950)262-34-96
Javier Braxton,JavierBraxton@gmail.com,1994-08-06 06:47:50,male,8342$,+7(980)757-31-46
Javier Phillips,JavierPhillips@gmail.com,2012-06-29 09:17:20,male,8342$,+7(982)679-54-57
Jay Alexander,JayAlexander@gmail.com,2015-10-19 03:32:48,male,8342$,+7(976)240-24-27
Jeanette Deaton,JeanetteDeaton@gmail.com,2012-07-03 07:41:01,male,8342$,+7(933)768-57-60
Jeanne Angle,JeanneAngle@gmail.com,2007-08-04 21:46:49,male,8342$,+7(982)278-68-73
Jeff Futch,JeffFutch@gmail.com,1991-09-20 22:31:51,male,8342$,+7(901)300-88-88
Jeff Schroeder,JeffSchroeder@gmail.com,2019-01-20 19:10:00,male,8342$,+7(916)737-22-59
Jeffery Richardson,JefferyRichardson@gmail.com,2015-08-07 05:14:09,male,8342$,+7(945)251-27-18
Jeffrey Carlson,JeffreyCarlson@gmail.com,2003-09-07 11:11:05,male,8342$,+7(957)358-81-31
Jeffrey Mckesson,JeffreyMckesson@gmail.com,1994-02-28 22:22:04,male,8342$,+7(967)668-53-75
Jeffrey Niskanen,JeffreyNiskanen@gmail.com,2012-03-20 09:22:16,male,8342$,+7(995)651-77-52
Jeffrey Wilson,JeffreyWilson@gmail.com,2012-04-10 13:58:02,male,8342$,+7(916)416-42-35
Jeffry Kramp,JeffryKramp@gmail.com,2019-06-21 00:30:51,male,8342$,+7(937)589-10-41
Jennie Dubois,JennieDubois@gmail.com,2014-09-28 02:04:42,male,8342$,+7(925)723-44-33
Jennifer Carignan,JenniferCarignan@gmail.com,2002-10-09 12:53:15,male,8342$,+7(978)759-85-21
Jennifer Graham,JenniferGraham@gmail.com,2014-03-24 23:14:26,male,8342$,+7(907)497-60-98
Jennifer Kane,JenniferKane@gmail.com,2017-08-16 16:41:05,male,8342$,+7(907)146-36-18
Jennifer Martin,JenniferMartin@gmail.com,2018-03-15 05:17:51,male,8342$,+7(920)474-78-31
Jennifer Stephenson,JenniferStephenson@gmail.com,2021-03-19 01:26:50,male,8342$,+7(914)739-17-71
Jenny Glass,JennyGlass@gmail.com,2013-07-08 18:18:10,male,8342$,+7(959)755-84-44
Jenny Hollinger,JennyHollinger@gmail.com,2005-09-29 20:00:13,male,8342$,+7(941)273-50-76
Jerald Apodaca,JeraldApodaca@gmail.com,2016-12-01 13:33:17,male,8342$,+7(907)236-37-62
Jeremy Cilley,JeremyCilley@gmail.com,2021-05-22 04:01:37,male,8342$,+7(902)733-41-20
Jermaine Collins,JermaineCollins@gmail.com,2012-12-30 05:43:43,male,8342$,+7(923)196-49-63
Jerome Blackmon,JeromeBlackmon@gmail.com,2019-03-26 09:12:03,male,8342$,+7(919)176-55-73
Jerri Rombough,JerriRombough@gmail.com,2013-05-22 15:37:10,male,8342$,+7(973)766-34-55
Jerrold Newell,JerroldNewell@gmail.com,2013-09-07 15:43:04,male,8342$,+7(908)140-97-50
Jesica Pugh,JesicaPugh@gmail.com,2013-04-05 21:35:04,male,8342$,+7(925)449-45-35
Jessica Dieguez,JessicaDieguez@gmail.com,2018-03-07 15:13:27,male,8342$,+7(932)713-40-85
Jessica Kunz,JessicaKunz@gmail.com,2020-10-02 04:17:21,male,8342$,+7(965)779-30-53
Jessica Pears,JessicaPears@gmail.com,2011-09-01 22:13:30,male,8342$,+7(974)241-32-23
Jessica Thielen,JessicaThielen@gmail.com,2016-02-02 01:44:20,male,8342$,+7(968)782-75-78
Jill Jackson,JillJackson@gmail.com,2015-08-04 21:54:09,male,8342$,+7(999)210-65-95
Jim Kennedy,JimKennedy@gmail.com,2021-06-30 13:01:52,male,8342$,+7(976)497-83-67
Jim Staggs,JimStaggs@gmail.com,2013-06-27 21:46:53,male,8342$,+7(995)331-93-76
Jimmie Spangler,JimmieSpangler@gmail.com,2019-05-28 00:31:42,male,8342$,+7(936)712-96-76
Joan Bowling,JoanBowling@gmail.com,2006-09-08 09:25:59,male,8342$,+7(909)551-88-74
Joanne Gural,JoanneGural@gmail.com,1986-07-24 01:59:39,male,8342$,+7(966)313-86-47
Jocelyn Caldwell,JocelynCaldwell@gmail.com,2016-02-22 12:13:27,male,8342$,+7(902)505-44-43
Jodi Stephany,JodiStephany@gmail.com,1998-11-23 12:50:53,male,8342$,+7(938)363-54-36
Joel Castrejon,JoelCastrejon@gmail.com,2017-06-24 14:33:45,male,8342$,+7(909)415-48-29
John Bihm,JohnBihm@gmail.com,1996-01-23 07:22:12,male,8342$,+7(928)607-63-17
John Boone,JohnBoone@gmail.com,1982-06-04 05:23:43,male,8342$,+7(925)265-49-85
John Brushwood,JohnBrushwood@gmail.com,2014-11-01 23:54:22,male,8342$,+7(927)250-27-37
John Clark,JohnClark@gmail.com,2007-05-05 17:25:44,male,8342$,+7(974)676-80-31
John Colbert,JohnColbert@gmail.com,1994-10-10 14:34:43,male,8342$,+7(979)208-81-83
John Corbett,JohnCorbett@gmail.com,2011-08-08 04:03:44,male,8342$,+7(950)461-78-71
John Durham,JohnDurham@gmail.com,2021-10-03 18:39:45,male,8342$,+7(926)176-39-54
John Furches,JohnFurches@gmail.com,2018-08-17 07:50:24,male,8342$,+7(932)683-78-70
John Green,JohnGreen@gmail.com,2016-04-22 14:29:43,male,8342$,+7(968)769-29-59
John Hawley,JohnHawley@gmail.com,2011-10-10 07:56:16,male,8342$,+7(968)324-30-33
John Manus,JohnManus@gmail.com,2012-04-29 15:59:21,male,8342$,+7(918)556-65-37
John Mcguire,JohnMcguire@gmail.com,2019-03-09 22:07:43,male,8342$,+7(928)198-81-51
John Morrill,JohnMorrill@gmail.com,1992-07-05 22:23:06,male,8342$,+7(961)225-30-28
John Porter,JohnPorter@gmail.com,2004-10-23 20:14:44,male,8342$,+7(997)108-43-54
John Price,JohnPrice@gmail.com,2018-03-31 19:54:04,male,8342$,+7(928)559-20-94
John Rose,JohnRose@gmail.com,2016-10-27 12:07:21,male,8342$,+7(965)305-57-20
John Sanchez,JohnSanchez@gmail.com,2000-12-19 13:01:01,male,8342$,+7(944)798-26-34
John Shorter,JohnShorter@gmail.com,2020-11-07 19:07:52,male,8342$,+7(970)333-13-35
John Sligar,JohnSligar@gmail.com,2014-02-02 03:25:42,male,8342$,+7(988)364-37-66
John Thompson,JohnThompson@gmail.com,2017-08-11 09:36:26,male,8342$,+7(986)477-88-18
John Woolford,JohnWoolford@gmail.com,2012-01-02 12:06:32,male,8342$,+7(972)180-77-62
John Zeff,JohnZeff@gmail.com,2015-04-04 22:11:06,male,8342$,+7(970)346-54-91
Jonathan Smith,JonathanSmith@gmail.com,2021-07-24 02:12:06,male,8342$,+7(910)307-24-91
Jonathon Hay,JonathonHay@gmail.com,2013-03-27 21:57:31,male,8342$,+7(946)448-89-39
Jonell Holly,JonellHolly@gmail.com,2021-06-29 21:47:32,male,8342$,+7(990)762-62-76
Jorge Bennett,JorgeBennett@gmail.com,2016-01-21 19:39:53,male,8342$,+7(910)677-28-65
Jorge Rankin,JorgeRankin@gmail.com,1993-09-09 13:14:00,male,8342$,+7(985)247-75-17
Jose Austin,JoseAustin@gmail.com,2013-07-03 22:20:00,male,8342$,+7(909)550-85-40
Jose Nichols,JoseNichols@gmail.com,2015-09-11 17:16:41,male,8342$,+7(961)464-61-86
Josefina Gray,JosefinaGray@gmail.com,2020-01-10 05:14:22,male,8342$,+7(979)215-34-99
Joseph Anderson,JosephAnderson@gmail.com,1999-01-03 20:25:32,male,8342$,+7(980)767-46-52
Joseph Halstead,JosephHalstead@gmail.com,2012-06-26 11:52:21,male,8342$,+7(906)403-24-75
Joseph Hernandez,JosephHernandez@gmail.com,1982-05-27 14:13:33,male,8342$,+7(900)330-38-76
Joseph Ignacio,JosephIgnacio@gmail.com,2014-07-19 04:06:48,male,8342$,+7(938)137-20-82
Joseph Morgan,JosephMorgan@gmail.com,1996-03-05 20:35:38,male,8342$,+7(906)713-71-57
Joseph Robinson,JosephRobinson@gmail.com,2020-10-16 11:54:09,male,8342$,+7(961)634-89-65
Joseph Rollins,JosephRollins@gmail.com,2011-09-05 15:14:25,male,8342$,+7(921)273-75-41
Joseph Sowers,JosephSowers@gmail.com,2018-03-16 11:30:45,male,8342$,+7(932)508-21-90
Josephine Saul,JosephineSaul@gmail.com,2012-09-20 01:30:32,male,8342$,+7(945)528-88-31
Josh Lee,JoshLee@gmail.com,1991-07-14 13:10:55,male,8342$,+7(903)681-28-78
Joshua Smith,JoshuaSmith@gmail.com,2003-03-09 13:02:32,male,8342$,+7(911)681-31-80
Joy Vasquez,JoyVasquez@gmail.com,2017-09-16 10:16:21,male,8342$,+7(903)234-43-92
Juan Davis,JuanDavis@gmail.com,2011-12-23 04:16:10,male,8342$,+7(984)536-59-76
Juana Harding,JuanaHarding@gmail.com,2005-07-30 05:20:37,male,8342$,+7(960)272-28-82
Juanita Bray,JuanitaBray@gmail.com,2001-05-09 01:15:43,male,8342$,+7(982)603-42-37
Juanita Craig,JuanitaCraig@gmail.com,1991-01-08 13:31:40,male,8342$,+7(957)492-77-72
Juanita Ratliff,JuanitaRatliff@gmail.com,2011-01-13 07:41:56,male,8342$,+7(998)478-11-60
Judith Huntley,JudithHuntley@gmail.com,2016-01-04 01:30:23,male,8342$,+7(920)127-88-34
Julia Coley,JuliaColey@gmail.com,2014-11-15 15:42:46,male,8342$,+7(930)324-38-95
Julie Farr,JulieFarr@gmail.com,2016-03-27 19:44:08,male,8342$,+7(960)492-10-49
Julie Vanhook,JulieVanhook@gmail.com,1992-01-31 11:25:43,male,8342$,+7(950)242-20-62
Juliet Morton,JulietMorton@gmail.com,2008-10-22 19:34:14,male,8342$,+7(962)142-91-20
Julio Mitchell,JulioMitchell@gmail.com,2009-06-26 18:19:43,male,8342$,+7(940)309-47-55
Justin Richardson,JustinRichardson@gmail.com,2019-09-02 18:24:56,male,8342$,+7(981)738-41-51
Karen Dubose,KarenDubose@gmail.com,2017-08-23 03:06:51,male,8342$,+7(949)151-47-45
Karen Eudy,KarenEudy@gmail.com,2015-04-09 17:14:08,male,8342$,+7(934)670-62-54
Kari Wood,KariWood@gmail.com,2011-03-27 16:18:28,male,8342$,+7(913)730-16-34
Katherine Nelson,KatherineNelson@gmail.com,2015-04-11 21:57:53,male,8342$,+7(938)620-70-22
Kathleen Hunt,KathleenHunt@gmail.com,1993-06-14 18:19:08,male,8342$,+7(939)641-45-17
Kathleen Lopez,KathleenLopez@gmail.com,1980-09-14 11:30:47,male,8342$,+7(967)524-96-14
Kathleen Southard,KathleenSouthard@gmail.com,2013-03-25 17:21:10,male,8342$,+7(975)706-59-67
Kathleen Zuckerman,KathleenZuckerman@gmail.com,2010-03-19 17:05:41,male,8342$,+7(981)774-44-39
Kathy Kher,KathyKher@gmail.com,1996-12-03 02:43:28,male,8342$,+7(994)324-16-11
Kathy Logan,KathyLogan@gmail.com,2012-08-19 23:46:45,male,8342$,+7(976)799-94-78
Kathy Wright,KathyWright@gmail.com,2017-10-12 12:23:12,male,8342$,+7(944)644-13-44
Katie Evans,KatieEvans@gmail.com,2017-06-19 12:01:26,male,8342$,+7(903)130-55-29
Katrina Gaither,KatrinaGaither@gmail.com,2009-02-27 20:47:56,male,8342$,+7(939)430-27-27
Kayla Walker,KaylaWalker@gmail.com,2019-10-17 20:44:23,male,8342$,+7(950)576-40-37
Keith Duncan,KeithDuncan@gmail.com,2020-12-04 20:36:39,male,8342$,+7(990)368-37-34
Keith Karlin,KeithKarlin@gmail.com,2012-02-12 00:30:58,male,8342$,+7(976)262-48-73
Kelly Hunt,KellyHunt@gmail.com,2020-11-28 10:59:08,male,8342$,+7(954)767-57-86
Kelsey Brickell,KelseyBrickell@gmail.com,2018-03-20 02:12:56,male,8342$,+7(966)214-79-25
Kelsey Huertas,KelseyHuertas@gmail.com,2015-01-27 17:26:21,male,8342$,+7(976)375-35-57
Kelvin Burroughs,KelvinBurroughs@gmail.com,2017-11-10 14:56:52,male,8342$,+7(930)676-83-43
Kenneth Boatner,KennethBoatner@gmail.com,2016-12-24 01:12:14,male,8342$,+7(949)636-37-73
Kenneth Boyd,KennethBoyd@gmail.com,1992-10-15 08:38:45,male,8342$,+7(998)735-12-66
Kenneth Lawrence,KennethLawrence@gmail.com,2016-09-30 03:56:00,male,8342$,+7(932)704-81-68
Kenneth Shirley,KennethShirley@gmail.com,2017-09-17 12:20:50,male,8342$,+7(980)244-94-72
Kenneth Soto,KennethSoto@gmail.com,2015-09-18 01:12:02,male,8342$,+7(981)578-25-58
Kenneth Utley,KennethUtley@gmail.com,2015-08-02 04:19:14,male,8342$,+7(967)584-78-30
Kent Casson,KentCasson@gmail.com,2021-11-26 21:54:16,male,8342$,+7(921)498-44-13
Kenyatta Peacock,KenyattaPeacock@gmail.com,2019-03-12 01:08:26,male,8342$,+7(991)108-93-30
Kevin Gonnella,KevinGonnella@gmail.com,2017-04-08 13:15:46,male,8342$,+7(951)149-98-53
Kevin Olesen,KevinOlesen@gmail.com,2012-06-01 04:48:13,male,8342$,+7(924)346-14-17
Kim Bourgeois,KimBourgeois@gmail.com,2003-01-21 04:43:18,male,8342$,+7(951)107-40-30
Kim Pace,KimPace@gmail.com,2012-08-29 11:03:39,male,8342$,+7(931)425-10-96
Kim Perreault,KimPerreault@gmail.com,2013-10-18 02:30:20,male,8342$,+7(988)101-57-82
Kimberly Conway,KimberlyConway@gmail.com,1981-10-17 17:58:19,male,8342$,+7(970)447-68-90
Kimberly Ingram,KimberlyIngram@gmail.com,2015-03-16 12:49:29,male,8342$,+7(927)355-60-36
Kimberly Makhija,KimberlyMakhija@gmail.com,2012-11-09 08:21:15,male,8342$,+7(911)101-81-50
Kimberly Pies,KimberlyPies@gmail.com,1987-06-28 17:53:10,male,8342$,+7(950)654-90-19
Kimberly Rodriquez,KimberlyRodriquez@gmail.com,2010-10-05 17:44:13,male,8342$,+7(907)396-92-31
Kristie Davis,KristieDavis@gmail.com,2017-03-14 10:47:40,male,8342$,+7(906)140-16-78
Kristopher Stephenson,KristopherStephenson@gmail.com,1998-08-11 14:05:51,male,8342$,+7(966)580-31-38
Kyle Bashir,KyleBashir@gmail.com,2017-12-05 19:27:49,male,8342$,+7(965)267-37-53
Larue Moritz,LarueMoritz@gmail.com,2018-05-15 15:05:19,male,8342$,+7(918)545-17-47
Latasha Britt,LatashaBritt@gmail.com,2014-05-12 04:12:12,male,8342$,+7(926)376-22-16
Laura Cutler,LauraCutler@gmail.com,2008-05-17 07:20:49,male,8342$,+7(904)443-77-63
Laura Rickard,LauraRickard@gmail.com,2012-02-15 17:32:23,male,8342$,+7(984)467-54-80
Laura Yazzie,LauraYazzie@gmail.com,1991-01-14 19:50:43,male,8342$,+7(944)710-95-20
Laurence Walker,LaurenceWalker@gmail.com,2013-06-04 06:33:54,male,8342$,+7(921)295-14-33
Lawrence Richardson,LawrenceRichardson@gmail.com,2018-12-07 10:24:10,male,8342$,+7(971)192-43-33
Lena Hammon,LenaHammon@gmail.com,2001-06-24 21:16:31,male,8342$,+7(971)789-99-85
Leo Jensen,LeoJensen@gmail.com,2006-10-27 02:17:13,male,8342$,+7(989)769-38-70
Leo Martinez,LeoMartinez@gmail.com,1993-04-10 14:03:47,male,8342$,+7(976)770-88-36
Leona Collins,LeonaCollins@gmail.com,1981-02-19 02:09:27,male,8342$,+7(943)340-60-68
Leonard Hobbs,LeonardHobbs@gmail.com,2015-01-06 12:33:50,male,8342$,+7(934)725-84-40
Lester Davis,LesterDavis@gmail.com,2013-08-07 14:49:21,male,8342$,+7(903)769-96-78
Leticia Dowling,LeticiaDowling@gmail.com,2012-04-27 13:14:36,male,8342$,+7(969)629-48-95
Lewis Alexander,LewisAlexander@gmail.com,2019-11-07 14:20:23,male,8342$,+7(967)487-56-92
Lillian Fawver,LillianFawver@gmail.com,2014-03-04 23:05:19,male,8342$,+7(967)749-55-68
Lilly Allen,LillyAllen@gmail.com,2021-03-08 03:05:54,male,8342$,+7(945)686-82-38
Linda Castaneda,LindaCastaneda@gmail.com,2015-07-07 13:30:40,male,8342$,+7(938)220-61-37
Linda Goncalves,LindaGoncalves@gmail.com,1996-08-07 18:34:01,male,8342$,+7(941)297-73-22
Linda Harder,LindaHarder@gmail.com,2001-06-18 20:15:25,male,8342$,+7(980)628-92-70
Linda Imhoff,LindaImhoff@gmail.com,2017-04-26 22:44:24,male,8342$,+7(977)783-82-65
Linda Simmons,LindaSimmons@gmail.com,2021-06-14 19:28:28,male,8342$,+7(923)442-63-74
Lindsay Mimbs,LindsayMimbs@gmail.com,1996-01-20 10:10:46,male,8342$,+7(952)226-11-96
Lisa Flagg,LisaFlagg@gmail.com,2007-02-20 09:54:18,male,8342$,+7(911)429-76-86
Lisa Gaines,LisaGaines@gmail.com,2012-11-05 11:44:04,male,8342$,+7(987)728-25-58
Lisa Rosenfeld,LisaRosenfeld@gmail.com,2013-01-08 06:11:57,male,8342$,+7(991)690-66-75
Lonnie Koehn,LonnieKoehn@gmail.com,1984-06-24 00:11:14,male,8342$,+7(982)696-11-28
Loraine Roush,LoraineRoush@gmail.com,2013-06-08 04:28:51,male,8342$,+7(984)792-93-49
Lorenzo Jack,LorenzoJack@gmail.com,2005-10-06 07:15:41,male,8342$,+7(984)504-50-79
Loretta Chancey,LorettaChancey@gmail.com,2005-12-21 18:57:58,male,8342$,+7(968)569-86-60
Lori Aldous,LoriAldous@gmail.com,2019-05-28 18:45:03,male,8342$,+7(938)771-85-65
Lori Frame,LoriFrame@gmail.com,2011-10-31 18:46:41,male,8342$,+7(966)433-62-49
Lori Keller,LoriKeller@gmail.com,2016-10-06 14:57:45,male,8342$,+7(953)334-98-75
Lori Kimber,LoriKimber@gmail.com,2021-06-15 08:46:24,male,8342$,+7(934)723-13-84
Lori Roesch,LoriRoesch@gmail.com,2016-09-07 11:34:23,male,8342$,+7(903)349-29-23
Lori Sawinski,LoriSawinski@gmail.com,1992-01-11 16:39:28,male,8342$,+7(956)538-31-83
Lorraine Turcotte,LorraineTurcotte@gmail.com,1993-07-12 00:35:51,male,8342$,+7(973)123-25-53
Louella Braxton,LouellaBraxton@gmail.com,2017-09-10 23:09:06,male,8342$,+7(959)477-63-17
Louis Jackson,LouisJackson@gmail.com,2002-07-01 03:42:55,male,8342$,+7(991)707-20-53
Louise Everett,LouiseEverett@gmail.com,2006-05-15 19:39:44,male,8342$,+7(977)301-27-65
Louise Waterer,LouiseWaterer@gmail.com,2020-01-23 21:35:03,male,8342$,+7(935)181-17-73
Lowell Reed,LowellReed@gmail.com,2021-10-18 10:41:22,male,8342$,+7(933)124-52-74
Lucas Thompson,LucasThompson@gmail.com,2017-09-30 20:38:29,male,8342$,+7(999)736-49-31
Lucinda Mcfadden,LucindaMcfadden@gmail.com,2005-01-29 04:45:49,male,8342$,+7(974)451-50-65
Lydia Smith,LydiaSmith@gmail.com,2014-02-03 02:26:34,male,8342$,+7(918)189-52-12
Lyle Kinard,LyleKinard@gmail.com,2015-06-18 09:41:11,male,8342$,+7(950)268-32-85
Lynda Pereira,LyndaPereira@gmail.com,2017-08-31 09:42:24,male,8342$,+7(992)338-12-31
Mable Gondek,MableGondek@gmail.com,2016-11-18 23:00:42,male,8342$,+7(982)116-85-95
Madeline Balistrieri,MadelineBalistrieri@gmail.com,2001-11-15 08:08:20,male,8342$,+7(938)120-61-47
Madeline Brady,MadelineBrady@gmail.com,1998-01-11 04:01:54,male,8342$,+7(973)531-17-46
Manuel Nall,ManuelNall@gmail.com,1997-12-22 03:18:04,male,8342$,+7(991)332-93-60
Marcella Delargy,MarcellaDelargy@gmail.com,1999-10-09 14:31:21,male,8342$,+7(907)261-80-62
Marcia Lee,MarciaLee@gmail.com,2021-01-20 12:54:23,male,8342$,+7(959)468-22-10
Marcus Baughman,MarcusBaughman@gmail.com,2013-10-27 22:43:10,male,8342$,+7(993)649-68-41
Marcy Duran,MarcyDuran@gmail.com,1991-04-01 10:51:13,male,8342$,+7(948)214-17-92
Margaret Needham,MargaretNeedham@gmail.com,2020-08-31 04:09:21,male,8342$,+7(927)692-63-30
Margarita Sanders,MargaritaSanders@gmail.com,1996-10-23 14:45:57,male,8342$,+7(997)333-27-44
Margie Fawbush,MargieFawbush@gmail.com,2016-01-04 07:51:36,male,8342$,+7(908)454-35-35
Maria Demars,MariaDemars@gmail.com,2016-01-29 09:05:42,male,8342$,+7(979)646-93-57
Maria Gamble,MariaGamble@gmail.com,2013-12-28 17:11:29,male,8342$,+7(962)150-41-32
Maria Himes,MariaHimes@gmail.com,2001-01-22 10:26:44,male,8342$,+7(920)283-16-74
Maria Patterson,MariaPatterson@gmail.com,2005-06-06 05:14:52,male,8342$,+7(991)570-23-20
Maria Tilley,MariaTilley@gmail.com,2012-09-07 23:10:50,male,8342$,+7(983)562-86-19
Marie Bannister,MarieBannister@gmail.com,2007-05-10 22:35:43,male,8342$,+7(919)340-52-40
Marilyn Lee,MarilynLee@gmail.com,2002-09-14 21:39:58,male,8342$,+7(905)569-87-41
Marilyn Mikkelsen,MarilynMikkelsen@gmail.com,2019-03-26 06:57:25,male,8342$,+7(953)527-49-60
Marion Santiago,MarionSantiago@gmail.com,2018-07-27 17:43:44,male,8342$,+7(986)342-50-13
Marjorie Solomon,MarjorieSolomon@gmail.com,2016-08-31 01:11:12,male,8342$,+7(978)404-11-50
Mark Lance,MarkLance@gmail.com,2020-10-01 12:18:45,male,8342$,+7(941)768-53-70
Mark Robbins,MarkRobbins@gmail.com,1999-09-25 12:10:56,male,8342$,+7(972)676-58-42
Mark Royal,MarkRoyal@gmail.com,1988-07-21 17:49:26,male,8342$,+7(926)227-52-74
Mark Williams,MarkWilliams@gmail.com,2020-05-27 11:02:08,male,8342$,+7(970)524-18-64
Martha Desmarais,MarthaDesmarais@gmail.com,2012-08-13 14:08:16,male,8342$,+7(949)402-42-89
Martha Gonzales,MarthaGonzales@gmail.com,2019-11-01 13:04:52,male,8342$,+7(976)220-66-15
Martha Gonzalez,MarthaGonzalez@gmail.com,2019-01-08 10:17:07,male,8342$,+7(976)674-80-20
Martha Owsley,MarthaOwsley@gmail.com,2014-04-17 08:44:12,male,8342$,+7(961)694-15-90
Martin Johnson,MartinJohnson@gmail.com,2014-10-04 14:40:25,male,8342$,+7(917)481-55-45
Martin Rowe,MartinRowe@gmail.com,1992-01-11 15:30:09,male,8342$,+7(958)257-42-61
Martin Valentine,MartinValentine@gmail.com,2014-06-27 01:51:08,male,8342$,+7(963)242-95-85
Marvin Nyland,MarvinNyland@gmail.com,2014-11-29 11:49:26,male,8342$,+7(905)153-34-54
Marvin Scharmer,MarvinScharmer@gmail.com,2016-10-02 03:54:08,male,8342$,+7(980)191-47-12
Mary Behrens,MaryBehrens@gmail.com,1999-12-13 10:35:39,male,8342$,+7(988)576-87-43
Mary Brown,MaryBrown@gmail.com,2021-07-09 20:19:34,male,8342$,+7(916)218-85-69
Mary Clark,MaryClark@gmail.com,1988-02-23 06:59:09,male,8342$,+7(938)338-33-11
Mary Clarke,MaryClarke@gmail.com,2013-12-08 02:49:42,male,8342$,+7(944)635-50-55
Mary Dewispelaere,MaryDewispelaere@gmail.com,2021-01-13 14:39:57,male,8342$,+7(936)198-72-22
Mary Ernst,MaryErnst@gmail.com,2017-03-24 07:29:06,male,8342$,+7(982)728-69-29
Mary Goad,MaryGoad@gmail.com,2001-07-15 16:40:26,male,8342$,+7(913)430-79-94
Mary Long,MaryLong@gmail.com,2012-05-25 04:47:47,male,8342$,+7(992)448-30-56
Mary Marlett,MaryMarlett@gmail.com,2021-03-03 11:51:42,male,8342$,+7(919)600-78-43
Mary Meyers,MaryMeyers@gmail.com,1987-05-14 23:25:57,male,8342$,+7(982)329-68-25
Mary Millet,MaryMillet@gmail.com,2013-07-15 08:46:56,male,8342$,+7(920)156-92-26
Mary Monroe,MaryMonroe@gmail.com,2021-07-22 14:13:48,male,8342$,+7(999)531-82-72
Mary Nguyen,MaryNguyen@gmail.com,2005-02-06 08:27:29,male,8342$,+7(907)455-99-16
Mary Palmer,MaryPalmer@gmail.com,2006-07-14 21:24:01,male,8342$,+7(988)230-58-99
Mary Peterson,MaryPeterson@gmail.com,1990-03-08 21:09:40,male,8342$,+7(918)439-49-54
Mary Rodriguez,MaryRodriguez@gmail.com,2015-03-27 17:31:08,male,8342$,+7(976)439-98-51
Mary Schopp,MarySchopp@gmail.com,2021-08-07 16:04:25,male,8342$,+7(959)696-10-43
Mary Smith,MarySmith@gmail.com,2014-11-17 01:26:00,male,8342$,+7(979)306-87-61
Mary Sommer,MarySommer@gmail.com,1995-07-21 21:23:39,male,8342$,+7(931)320-84-49
Mary Stewart,MaryStewart@gmail.com,2011-10-27 05:49:37,male,8342$,+7(985)298-14-71
Mary Thrasher,MaryThrasher@gmail.com,1995-12-13 22:14:04,male,8342$,+7(967)653-82-97
Mary Tilman,MaryTilman@gmail.com,2021-01-20 03:52:11,male,8342$,+7(948)786-85-17
Mary Toenges,MaryToenges@gmail.com,2010-02-15 04:57:37,male,8342$,+7(980)711-82-57
Mason Martinez,MasonMartinez@gmail.com,2019-05-11 03:30:01,male,8342$,+7(988)794-56-65
Matthew Ballance,MatthewBallance@gmail.com,2015-09-02 07:18:51,male,8342$,+7(972)775-13-65
Matthew Gleason,MatthewGleason@gmail.com,1985-10-09 04:48:51,male,8342$,+7(937)560-44-98
Matthew Lifford,MatthewLifford@gmail.com,2021-07-05 20:50:25,male,8342$,+7(959)640-78-96
Matthew Martin,MatthewMartin@gmail.com,2013-07-05 00:03:43,male,8342$,+7(987)528-41-92
Matthew Shaughnessy,MatthewShaughnessy@gmail.com,2004-07-05 05:48:56,male,8342$,+7(946)280-32-88
Matthew Weir,MatthewWeir@gmail.com,2013-05-07 13:19:49,male,8342$,+7(975)383-23-16
Matthew Willis,MatthewWillis@gmail.com,2016-02-07 03:32:20,male,8342$,+7(988)422-46-98
Matthew Wozniak,MatthewWozniak@gmail.com,2015-05-07 01:40:21,male,8342$,+7(939)320-58-54
Maurice Shilling,MauriceShilling@gmail.com,2013-06-30 07:50:17,male,8342$,+7(960)727-38-28
Megan Junes,MeganJunes@gmail.com,2012-05-07 15:16:04,male,8342$,+7(902)171-73-85
Melissa Carpenter,MelissaCarpenter@gmail.com,1998-08-22 00:13:31,male,8342$,+7(953)342-89-47
Melissa Harvey,MelissaHarvey@gmail.com,2013-03-20 17:15:22,male,8342$,+7(908)689-43-17
Melissa Kelly,MelissaKelly@gmail.com,2012-02-05 03:29:11,male,8342$,+7(904)101-18-48
Melissa Spooner,MelissaSpooner@gmail.com,2015-11-23 12:20:09,male,8342$,+7(994)231-82-14
Melissa Stclair,MelissaStclair@gmail.com,1995-04-23 10:03:31,male,8342$,+7(902)219-58-25
Melissa Teston,MelissaTeston@gmail.com,2011-02-12 16:26:41,male,8342$,+7(953)703-67-13
Melody Potter,MelodyPotter@gmail.com,2019-07-06 07:18:52,male,8342$,+7(953)644-28-66
Melynda Tucker,MelyndaTucker@gmail.com,2009-05-31 11:02:20,male,8342$,+7(970)334-20-60
Michael Berg,MichaelBerg@gmail.com,2003-11-30 12:44:10,male,8342$,+7(915)629-63-66
Michael Black,MichaelBlack@gmail.com,2007-07-09 23:40:58,male,8342$,+7(911)573-66-16
Michael Bolton,MichaelBolton@gmail.com,2009-10-05 06:55:51,male,8342$,+7(996)520-32-58
Michael Brown,MichaelBrown@gmail.com,1981-05-23 19:26:19,male,8342$,+7(919)714-40-25
Michael Deno,MichaelDeno@gmail.com,1996-02-21 05:18:23,male,8342$,+7(980)396-95-83
Michael Greene,MichaelGreene@gmail.com,2006-06-03 19:19:19,male,8342$,+7(942)365-99-39
Michael Heidt,MichaelHeidt@gmail.com,2008-03-19 03:57:56,male,8342$,+7(926)394-37-90
Michael Hernandez,MichaelHernandez@gmail.com,1991-08-19 11:55:53,male,8342$,+7(957)362-21-29
Michael Huber,MichaelHuber@gmail.com,2017-07-25 13:00:45,male,8342$,+7(985)483-88-71
Michael Lavoie,MichaelLavoie@gmail.com,2013-12-22 23:10:05,male,8342$,+7(934)401-23-93
Michael Markum,MichaelMarkum@gmail.com,2018-04-11 11:30:42,male,8342$,+7(924)769-66-19
Michael Schuyler,MichaelSchuyler@gmail.com,2014-12-28 06:57:09,male,8342$,+7(959)610-33-69
Michael Scott,MichaelScott@gmail.com,2012-10-28 07:52:41,male,8342$,+7(926)287-39-36
Michael Smith,MichaelSmith@gmail.com,1992-07-06 17:52:50,male,8342$,+7(950)744-86-41
Michael Tutt,MichaelTutt@gmail.com,2000-05-07 19:23:13,male,8342$,+7(997)465-92-13
Michael Yeatts,MichaelYeatts@gmail.com,1986-08-21 16:15:48,male,8342$,+7(997)634-30-84
Michelle Brown,MichelleBrown@gmail.com,2006-03-17 05:13:54,male,8342$,+7(936)169-57-42
Michelle Huls,MichelleHuls@gmail.com,2004-05-17 22:40:59,male,8342$,+7(982)161-62-13
Michelle Jensen,MichelleJensen@gmail.com,2007-10-10 21:02:45,male,8342$,+7(982)705-49-14
Miguel Jefferson,MiguelJefferson@gmail.com,1997-06-22 07:58:03,male,8342$,+7(934)148-56-83
Mike Glisson,MikeGlisson@gmail.com,2019-05-19 06:01:42,male,8342$,+7(907)297-53-53
Mildred Brown,MildredBrown@gmail.com,2021-03-14 18:12:48,male,8342$,+7(934)654-42-14
Mildred Rodrigues,MildredRodrigues@gmail.com,2020-02-25 06:13:05,male,8342$,+7(926)113-53-94
Mimi Parker,MimiParker@gmail.com,2018-09-23 04:08:13,male,8342$,+7(981)626-58-68
Miriam Powell,MiriamPowell@gmail.com,2009-07-11 15:41:52,male,8342$,+7(992)138-46-45
Mitchell Rice,MitchellRice@gmail.com,2015-11-16 17:28:43,male,8342$,+7(912)706-66-83
Mona Porter,MonaPorter@gmail.com,2018-12-10 18:56:35,male,8342$,+7(958)484-16-53
Monica Tisdale,MonicaTisdale@gmail.com,2002-12-31 12:42:29,male,8342$,+7(963)407-51-19
Monte Olson,MonteOlson@gmail.com,2020-12-18 23:43:26,male,8342$,+7(936)158-39-84
Morris Ford,MorrisFord@gmail.com,2011-03-09 15:21:08,male,8342$,+7(952)529-22-12
Mose Dobbs,MoseDobbs@gmail.com,2017-12-30 23:20:22,male,8342$,+7(927)143-17-41
Muriel Phillips,MurielPhillips@gmail.com,2013-05-19 14:58:39,male,8342$,+7(916)234-48-52
Nadia Railey,NadiaRailey@gmail.com,2018-10-13 11:14:49,male,8342$,+7(962)386-99-29
Nadine Kirk,NadineKirk@gmail.com,2017-06-17 17:36:42,male,8342$,+7(935)270-37-41
Nakia Jones,NakiaJones@gmail.com,1987-06-22 14:27:25,male,8342$,+7(926)738-29-35
Nakita Wingard,NakitaWingard@gmail.com,2017-07-17 21:38:14,male,8342$,+7(931)721-96-76
Nan Hensley,NanHensley@gmail.com,2015-06-20 22:28:41,male,8342$,+7(909)607-46-31
Nancy Lefebvre,NancyLefebvre@gmail.com,2014-01-30 11:34:44,male,8342$,+7(922)761-25-96
Nancy Yokum,NancyYokum@gmail.com,2010-01-17 11:53:07,male,8342$,+7(920)310-42-33
Nell Bynum,NellBynum@gmail.com,2010-06-05 00:56:30,male,8342$,+7(948)454-64-99
Nicholas Johnson,NicholasJohnson@gmail.com,2013-03-13 21:51:42,male,8342$,+7(912)572-35-30
Nicholas Ransom,NicholasRansom@gmail.com,2011-04-14 12:05:11,male,8342$,+7(989)477-10-61
Nicholas Wishart,NicholasWishart@gmail.com,2012-11-13 00:25:56,male,8342$,+7(916)325-83-85
Nickolas Born,NickolasBorn@gmail.com,1995-02-24 03:23:13,male,8342$,+7(991)246-80-78
Nicole Nakata,NicoleNakata@gmail.com,2006-08-12 04:39:42,male,8342$,+7(937)199-40-13
Nicole Nicol,NicoleNicol@gmail.com,2014-09-05 06:10:10,male,8342$,+7(929)407-84-70
Nikki Rodriguez,NikkiRodriguez@gmail.com,2019-05-15 02:33:33,male,8342$,+7(908)535-98-55
Nora Humphreys,NoraHumphreys@gmail.com,2021-12-25 10:35:27,male,8342$,+7(923)794-10-43
Norma Sheets,NormaSheets@gmail.com,2019-12-17 16:21:33,male,8342$,+7(993)548-28-91
Norman Chung,NormanChung@gmail.com,2001-01-25 21:31:57,male,8342$,+7(924)613-56-22
Olivia Demopoulos,OliviaDemopoulos@gmail.com,2012-10-04 05:10:52,male,8342$,+7(968)484-95-67
Otis Harper,OtisHarper@gmail.com,2014-10-06 04:32:00,male,8342$,+7(998)682-21-64
Pamela Mcdaniel,PamelaMcdaniel@gmail.com,2011-06-06 05:39:37,male,8342$,+7(912)579-20-17
Pamela Stowe,PamelaStowe@gmail.com,2013-12-12 12:52:28,male,8342$,+7(908)286-94-31
Pansy Winn,PansyWinn@gmail.com,1992-08-06 22:22:45,male,8342$,+7(900)700-95-95
Patricia Curtis,PatriciaCurtis@gmail.com,2011-09-01 16:43:16,male,8342$,+7(968)127-29-74
Patricia Erickson,PatriciaErickson@gmail.com,2011-04-29 09:32:50,male,8342$,+7(906)725-28-86
Patricia Hansen,PatriciaHansen@gmail.com,2019-03-03 20:55:07,male,8342$,+7(949)405-94-79
Patricia Hawk,PatriciaHawk@gmail.com,2012-03-31 13:20:08,male,8342$,+7(969)597-67-23
Patricia Mora,PatriciaMora@gmail.com,1984-11-03 14:01:45,male,8342$,+7(983)589-40-67
Patricia Rodriquez,PatriciaRodriquez@gmail.com,2014-01-12 18:40:30,male,8342$,+7(958)450-42-69
Patricia Stillwagon,PatriciaStillwagon@gmail.com,2014-05-11 10:04:17,male,8342$,+7(981)642-14-91
Patricia Williams,PatriciaWilliams@gmail.com,2004-06-15 19:21:57,male,8342$,+7(925)711-71-78
Patrick Cornell,PatrickCornell@gmail.com,2011-07-24 03:30:11,male,8342$,+7(936)134-69-58
Patrick Hill,PatrickHill@gmail.com,2021-06-17 17:15:23,male,8342$,+7(934)672-42-82
Patti Dukes,PattiDukes@gmail.com,2015-12-11 20:28:42,male,8342$,+7(967)791-68-47
Paul Begay,PaulBegay@gmail.com,2013-02-15 19:47:53,male,8342$,+7(925)215-81-59
Paul Benigno,PaulBenigno@gmail.com,1996-05-03 16:56:56,male,8342$,+7(960)277-63-20
Paul Hunt,PaulHunt@gmail.com,2013-10-10 15:48:01,male,8342$,+7(945)135-78-19
Paul Lewis,PaulLewis@gmail.com,1999-01-17 01:49:04,male,8342$,+7(937)710-72-82
Paul Martinez,PaulMartinez@gmail.com,2016-03-14 12:29:44,male,8342$,+7(982)122-58-39
Paul Miller,PaulMiller@gmail.com,2016-09-09 08:28:03,male,8342$,+7(974)472-85-38
Paula Garren,PaulaGarren@gmail.com,2011-11-27 15:13:24,male,8342$,+7(925)719-61-59
Paulette Morgan,PauletteMorgan@gmail.com,2020-07-03 02:15:01,male,8342$,+7(984)342-41-65
Pearl Clear,PearlClear@gmail.com,2012-03-08 06:23:34,male,8342$,+7(973)377-30-15
Pedro Coleman,PedroColeman@gmail.com,2020-02-16 13:54:36,male,8342$,+7(956)329-84-14
Penny Adams,PennyAdams@gmail.com,2015-11-14 01:22:33,male,8342$,+7(948)138-37-60
Penny Pipkin,PennyPipkin@gmail.com,2012-06-24 22:20:08,male,8342$,+7(986)189-59-34
Peter Hatfield,PeterHatfield@gmail.com,2021-03-28 17:59:11,male,8342$,+7(900)636-46-85
Peter Sanchez,PeterSanchez@gmail.com,2013-04-22 06:30:41,male,8342$,+7(902)249-87-47
Philip Petersen,PhilipPetersen@gmail.com,2014-03-07 15:46:01,male,8342$,+7(924)402-61-40
Phillip Rigdon,PhillipRigdon@gmail.com,2009-01-23 01:29:35,male,8342$,+7(900)485-29-49
Portia Tresvant,PortiaTresvant@gmail.com,1990-08-27 13:06:57,male,8342$,+7(926)395-68-55
Priscilla Carranza,PriscillaCarranza@gmail.com,2002-10-26 12:45:05,male,8342$,+7(948)593-39-92
Quentin Mccoy,QuentinMccoy@gmail.com,2015-03-26 22:13:19,male,8342$,+7(927)118-85-33
Rachel Crespo,RachelCrespo@gmail.com,2006-07-30 12:15:19,male,8342$,+7(982)680-79-46
Rachel Mcgrew,RachelMcgrew@gmail.com,2017-08-03 17:58:09,male,8342$,+7(903)115-28-86
Ralph Garcia,RalphGarcia@gmail.com,2007-08-24 12:13:00,male,8342$,+7(911)131-28-88
Ralph Stansbury,RalphStansbury@gmail.com,2004-06-23 22:13:52,male,8342$,+7(940)696-57-99
Ramiro Stobie,RamiroStobie@gmail.com,2014-05-16 14:58:06,male,8342$,+7(966)325-57-97
Ramon Duncan,RamonDuncan@gmail.com,2001-05-03 02:20:28,male,8342$,+7(994)240-95-71
Ramon Lopez,RamonLopez@gmail.com,2011-08-15 09:55:58,male,8342$,+7(935)558-89-55
Randall Curtis,RandallCurtis@gmail.com,2016-12-21 22:12:22,male,8342$,+7(966)602-78-24
Randy Ellis,RandyEllis@gmail.com,2021-11-13 01:38:24,male,8342$,+7(969)425-73-46
Randy Williams,RandyWilliams@gmail.com,2018-08-24 23:13:00,male,8342$,+7(950)692-54-51
Raul Butcher,RaulButcher@gmail.com,2011-11-15 08:07:57,male,8342$,+7(974)135-50-62
Ray Pyle,RayPyle@gmail.com,2012-02-14 22:34:17,male,8342$,+7(948)265-33-54
Raymond Oliver,RaymondOliver@gmail.com,2021-11-09 08:28:41,male,8342$,+7(903)740-61-48
Reba Dan,RebaDan@gmail.com,2016-03-15 02:42:31,male,8342$,+7(984)763-11-11
Reba Kapur,RebaKapur@gmail.com,2007-12-06 10:06:53,male,8342$,+7(912)690-30-62
Rebecca Fry,RebeccaFry@gmail.com,2008-01-24 23:15:32,male,8342$,+7(990)193-62-66
Rebecca Wilmot,RebeccaWilmot@gmail.com,2021-11-13 01:12:47,male,8342$,+7(973)425-55-39
Rebekah Perez,RebekahPerez@gmail.com,2021-11-11 08:09:51,male,8342$,+7(925)742-61-13
Regina Anderson,ReginaAnderson@gmail.com,2018-01-29 21:43:56,male,8342$,+7(926)763-15-63
Reid Kelly,ReidKelly@gmail.com,2012-08-28 19:25:35,male,8342$,+7(989)359-29-25
Rena Tabor,RenaTabor@gmail.com,2009-07-24 02:34:35,male,8342$,+7(903)183-29-18
Renaldo West,RenaldoWest@gmail.com,2011-10-12 07:40:25,male,8342$,+7(938)195-10-32
Retha Benjamin,RethaBenjamin@gmail.com,2011-03-22 23:04:43,male,8342$,+7(998)672-27-62
Richard Acosta,RichardAcosta@gmail.com,2015-05-31 10:00:46,male,8342$,+7(942)116-34-40
Richard Bahl,RichardBahl@gmail.com,2018-07-14 02:22:32,male,8342$,+7(970)666-76-66
Richard Durfee,RichardDurfee@gmail.com,2020-06-24 10:44:56,male,8342$,+7(949)246-91-23
Richard Harrell,RichardHarrell@gmail.com,2001-07-28 23:07:24,male,8342$,+7(915)121-74-82
Richard Martinez,RichardMartinez@gmail.com,2009-05-11 14:21:51,male,8342$,+7(904)581-25-75
Richard Massey,RichardMassey@gmail.com,2003-10-25 15:43:25,male,8342$,+7(970)626-94-53
Richard Morring,RichardMorring@gmail.com,2016-04-12 09:05:03,male,8342$,+7(979)266-59-48
Richard Moss,RichardMoss@gmail.com,2017-01-06 23:38:56,male,8342$,+7(908)249-96-36
Richard Patton,RichardPatton@gmail.com,2017-11-21 15:38:44,male,8342$,+7(974)437-42-98
Richard Sherry,RichardSherry@gmail.com,2015-03-01 09:04:22,male,8342$,+7(982)750-60-33
Richard Slostad,RichardSlostad@gmail.com,2016-12-31 12:15:21,male,8342$,+7(935)719-94-81
Richard Sommer,RichardSommer@gmail.com,2011-11-12 20:01:11,male,8342$,+7(993)355-78-40
Richard Swartz,RichardSwartz@gmail.com,2014-11-24 09:09:26,male,8342$,+7(997)226-75-26
Richard Thibodeaux,RichardThibodeaux@gmail.com,2014-04-09 03:29:30,male,8342$,+7(997)175-71-93
Richard Turk,RichardTurk@gmail.com,2014-01-16 19:41:20,male,8342$,+7(988)273-18-92
Rick Dowling,RickDowling@gmail.com,2011-03-18 23:01:29,male,8342$,+7(948)463-47-16
Ricky Hand,RickyHand@gmail.com,2018-11-10 12:32:48,male,8342$,+7(911)638-77-59
Ricky Odom,RickyOdom@gmail.com,2021-03-14 04:47:11,male,8342$,+7(927)686-92-35
Rita Goolesby,RitaGoolesby@gmail.com,2011-08-26 13:45:40,male,8342$,+7(984)360-60-37
Rita Toledo,RitaToledo@gmail.com,2016-01-15 23:03:59,male,8342$,+7(914)476-64-48
Robert Akers,RobertAkers@gmail.com,1983-06-04 04:43:07,male,8342$,+7(937)758-30-84
Robert Allen,RobertAllen@gmail.com,2012-12-10 23:12:53,male,8342$,+7(914)245-42-65
Robert Baker,RobertBaker@gmail.com,2012-12-04 08:50:28,male,8342$,+7(919)554-39-72
Robert Beach,RobertBeach@gmail.com,1982-10-06 17:33:34,male,8342$,+7(993)602-85-29
Robert Beeman,RobertBeeman@gmail.com,2015-12-16 06:48:45,male,8342$,+7(942)705-71-25
Robert Bonds,RobertBonds@gmail.com,1998-01-06 15:04:25,male,8342$,+7(937)511-29-84
Robert Gay,RobertGay@gmail.com,2017-03-23 18:29:35,male,8342$,+7(936)662-20-69
Robert Goin,RobertGoin@gmail.com,2008-11-02 04:04:41,male,8342$,+7(943)669-13-58
Robert Heath,RobertHeath@gmail.com,2009-01-29 02:27:35,male,8342$,+7(920)761-18-61
Robert Hood,RobertHood@gmail.com,2015-06-11 22:02:47,male,8342$,+7(926)263-42-73
Robert Lawrence,RobertLawrence@gmail.com,2020-07-28 04:32:01,male,8342$,+7(997)527-34-19
Robert Mckenzie,RobertMckenzie@gmail.com,1996-01-07 21:50:16,male,8342$,+7(971)589-26-17
Robert Reeder,RobertReeder@gmail.com,2011-12-26 16:29:24,male,8342$,+7(967)285-74-13
Robert Schultz,RobertSchultz@gmail.com,2020-11-30 16:50:40,male,8342$,+7(971)562-28-55
Robert Sibley,RobertSibley@gmail.com,2016-11-16 23:40:14,male,8342$,+7(973)309-90-54
Robert Vaughan,RobertVaughan@gmail.com,2021-12-10 09:59:36,male,8342$,+7(910)393-73-74
Robert Wallace,RobertWallace@gmail.com,2014-04-05 02:23:19,male,8342$,+7(953)487-36-95
Roberta Tippin,RobertaTippin@gmail.com,1991-02-20 21:00:47,male,8342$,+7(986)547-78-87
Roberto Baker,RobertoBaker@gmail.com,1996-03-26 01:35:17,male,8342$,+7(990)318-85-89
Roberto Hurt,RobertoHurt@gmail.com,2012-02-26 05:35:26,male,8342$,+7(974)392-38-41
Robin Ortega,RobinOrtega@gmail.com,2020-07-20 17:20:01,male,8342$,+7(934)581-48-39
Robin Stevens,RobinStevens@gmail.com,2012-11-14 03:07:09,male,8342$,+7(995)501-49-22
Rocio Starling,RocioStarling@gmail.com,2013-11-24 08:21:49,male,8342$,+7(941)543-65-39
Rocky Santiago,RockySantiago@gmail.com,2011-01-08 06:48:17,male,8342$,+7(910)327-30-70
Roderick Vargas,RoderickVargas@gmail.com,2002-10-13 07:59:04,male,8342$,+7(908)481-46-41
Rolanda Hammons,RolandaHammons@gmail.com,2020-05-20 01:39:22,male,8342$,+7(916)476-26-21
Romeo Seebach,RomeoSeebach@gmail.com,2018-05-08 05:13:56,male,8342$,+7(996)761-63-38
Ronald Blakenship,RonaldBlakenship@gmail.com,2013-01-02 11:20:47,male,8342$,+7(978)282-38-38
Ronald Carr,RonaldCarr@gmail.com,2011-05-23 01:23:57,male,8342$,+7(993)215-38-28
Ronny Champagne,RonnyChampagne@gmail.com,2015-08-23 04:16:26,male,8342$,+7(961)590-81-25
Rosalind Bowling,RosalindBowling@gmail.com,1982-01-05 14:50:59,male,8342$,+7(988)747-44-48
Rosalinda Player,RosalindaPlayer@gmail.com,1988-04-12 00:32:16,male,8342$,+7(923)712-27-38
Rose Johnston,RoseJohnston@gmail.com,1991-04-30 09:32:18,male,8342$,+7(971)204-58-50
Rose Villa,RoseVilla@gmail.com,2021-07-25 17:12:53,male,8342$,+7(921)335-50-40
Rose Winslow,RoseWinslow@gmail.com,2020-02-03 07:24:10,male,8342$,+7(967)446-15-96
Rosemary James,RosemaryJames@gmail.com,2011-06-10 08:52:18,male,8342$,+7(976)452-40-50
Roxann Peard,RoxannPeard@gmail.com,2016-07-16 19:50:44,male,8342$,+7(933)397-64-33
Roy Crowell,RoyCrowell@gmail.com,2014-05-23 16:03:08,male,8342$,+7(980)262-23-54
Roy Derosa,RoyDerosa@gmail.com,1994-11-10 02:32:44,male,8342$,+7(928)742-15-98
Roy Harding,RoyHarding@gmail.com,2001-09-23 23:18:32,male,8342$,+7(916)204-39-32
Russell Quivers,RussellQuivers@gmail.com,2011-04-12 13:08:26,male,8342$,+7(905)148-19-90
Ryan Mccarter,RyanMccarter@gmail.com,2017-09-30 22:10:32,male,8342$,+7(947)704-60-72
Ryann Fisher,RyannFisher@gmail.com,2017-03-05 18:17:46,male,8342$,+7(923)175-60-95
Sallie Bush,SallieBush@gmail.com,2011-05-06 13:29:46,male,8342$,+7(940)345-46-88
Sam Gill,SamGill@gmail.com,1999-10-04 09:00:25,male,8342$,+7(993)264-96-77
Sam Salinas,SamSalinas@gmail.com,2012-08-23 20:26:09,male,8342$,+7(997)480-86-14
Samuel Delorenzo,SamuelDelorenzo@gmail.com,2014-09-04 05:10:12,male,8342$,+7(904)221-89-35
Samuel Downing,SamuelDowning@gmail.com,2019-11-20 10:08:13,male,8342$,+7(973)320-78-92
Samuel Ferkovich,SamuelFerkovich@gmail.com,2008-03-29 21:17:28,male,8342$,+7(943)679-84-19
Sandra Marshall,SandraMarshall@gmail.com,2016-01-10 00:31:44,male,8342$,+7(954)656-42-68
Sandra Nittler,SandraNittler@gmail.com,1996-04-22 07:06:35,male,8342$,+7(906)219-55-28
Sandra Vidot,SandraVidot@gmail.com,2018-06-03 13:20:47,male,8342$,+7(935)374-45-34
Sara Hill,SaraHill@gmail.com,2010-07-23 08:27:21,male,8342$,+7(903)205-10-74
Scott Cifuentes,ScottCifuentes@gmail.com,2016-07-11 11:39:56,male,8342$,+7(966)269-46-19
Scott Gragg,ScottGragg@gmail.com,2011-03-14 10:24:54,male,8342$,+7(943)536-82-95
Scott Ranney,ScottRanney@gmail.com,1996-07-19 18:16:00,male,8342$,+7(964)509-94-72
Scott Simpson,ScottSimpson@gmail.com,2011-12-10 08:01:49,male,8342$,+7(900)540-33-40
Shakita Johnson,ShakitaJohnson@gmail.com,2006-06-16 08:52:46,male,8342$,+7(917)636-40-32
Shane Fletcher,ShaneFletcher@gmail.com,1990-09-21 20:52:27,male,8342$,+7(921)750-36-83
Shane Osmer,ShaneOsmer@gmail.com,1985-02-14 01:11:43,male,8342$,+7(962)786-91-18
Shanna Foster,ShannaFoster@gmail.com,2007-05-15 16:41:36,male,8342$,+7(996)224-15-67
Shannon Lawrence,ShannonLawrence@gmail.com,2005-11-04 07:27:26,male,8342$,+7(902)101-61-86
Shanon Camus,ShanonCamus@gmail.com,2011-02-09 18:44:37,male,8342$,+7(941)466-72-25
Sharon Gonzales,SharonGonzales@gmail.com,2015-06-03 22:07:45,male,8342$,+7(977)133-21-65
Sharon Snyder,SharonSnyder@gmail.com,2005-09-07 16:59:09,male,8342$,+7(991)610-54-45
Sharon Sullivan,SharonSullivan@gmail.com,2012-09-24 01:29:37,male,8342$,+7(998)162-30-58
Shauna Feuer,ShaunaFeuer@gmail.com,1993-06-10 01:22:27,male,8342$,+7(968)779-71-19
Shawn Mendez,ShawnMendez@gmail.com,2013-08-06 09:03:34,male,8342$,+7(965)644-84-64
Shelia Bode,SheliaBode@gmail.com,2018-10-15 02:11:39,male,8342$,+7(997)760-31-15
Shelly Tilton,ShellyTilton@gmail.com,2013-01-20 14:56:16,male,8342$,+7(983)142-63-29
Sherill Morin,SherillMorin@gmail.com,2021-02-03 05:57:04,male,8342$,+7(907)435-62-16
Sherri Sell,SherriSell@gmail.com,2013-07-08 23:44:03,male,8342$,+7(922)516-81-57
Sherry Belote,SherryBelote@gmail.com,2015-05-07 20:07:47,male,8342$,+7(952)797-96-44
Sherry Escalante,SherryEscalante@gmail.com,2012-11-09 20:24:12,male,8342$,+7(940)292-12-13
Sheryl Morgan,SherylMorgan@gmail.com,1989-04-24 13:56:54,male,8342$,+7(903)697-50-99
Shirley Dale,ShirleyDale@gmail.com,2021-08-01 03:38:35,male,8342$,+7(951)286-48-58
Socorro Moore,SocorroMoore@gmail.com,2018-04-04 03:02:57,male,8342$,+7(984)751-56-54
Sondra Shipp,SondraShipp@gmail.com,2011-07-10 03:42:43,male,8342$,+7(980)621-99-12
Sonya Harris,SonyaHarris@gmail.com,2021-05-10 14:59:02,male,8342$,+7(932)189-68-21
Stacie Hammond,StacieHammond@gmail.com,1983-04-29 17:26:41,male,8342$,+7(997)788-27-16
Stanley Haro,StanleyHaro@gmail.com,2018-10-29 11:42:23,male,8342$,+7(961)760-54-58
Stanley Hawk,StanleyHawk@gmail.com,2021-10-23 23:37:13,male,8342$,+7(965)256-26-45
Starla Alcazar,StarlaAlcazar@gmail.com,2019-02-25 04:01:31,male,8342$,+7(943)712-19-18
Stephanie Martin,StephanieMartin@gmail.com,2011-04-19 19:39:36,male,8342$,+7(994)749-69-68
Stephanie Mossien,StephanieMossien@gmail.com,2015-10-01 19:57:59,male,8342$,+7(902)387-13-41
Stephanie Placko,StephaniePlacko@gmail.com,1997-09-15 20:52:10,male,8342$,+7(957)413-40-89
Stephen Beene,StephenBeene@gmail.com,2021-03-03 18:24:56,male,8342$,+7(950)729-28-18
Stephen Jones,StephenJones@gmail.com,2012-11-21 14:18:06,male,8342$,+7(960)501-40-72
Stephen Mcwhorter,StephenMcwhorter@gmail.com,1994-12-23 17:22:33,male,8342$,+7(991)542-83-81
Steven Bowser,StevenBowser@gmail.com,1982-12-15 04:12:48,male,8342$,+7(946)158-50-77
Steven Hagee,StevenHagee@gmail.com,1983-08-07 17:22:42,male,8342$,+7(937)617-65-19
Steven Jason,StevenJason@gmail.com,2011-08-25 13:35:03,male,8342$,+7(963)273-65-81
Steven Mancini,StevenMancini@gmail.com,2014-02-01 16:50:02,male,8342$,+7(953)161-97-95
Steven Wangberg,StevenWangberg@gmail.com,2011-04-19 07:08:47,male,8342$,+7(998)103-82-47
Steven Wyatt,StevenWyatt@gmail.com,2012-09-12 00:10:35,male,8342$,+7(998)596-58-64
Stuart Butler,StuartButler@gmail.com,2020-09-23 01:48:00,male,8342$,+7(935)645-27-92
Sudie Johnston,SudieJohnston@gmail.com,2012-07-20 05:18:45,male,8342$,+7(969)763-23-65
Susan Diehl,SusanDiehl@gmail.com,2018-06-20 17:48:31,male,8342$,+7(959)714-98-75
Susan Swift,SusanSwift@gmail.com,2007-05-06 10:33:14,male,8342$,+7(933)337-23-67
Suzanne Dillion,SuzanneDillion@gmail.com,2002-07-17 06:49:55,male,8342$,+7(939)630-44-57
Sylvia Urbine,SylviaUrbine@gmail.com,2017-02-23 02:56:52,male,8342$,+7(963)346-68-77
Taisha Zaccaria,TaishaZaccaria@gmail.com,2010-04-13 20:32:28,male,8342$,+7(993)619-26-87
Tammy Cuellar,TammyCuellar@gmail.com,2014-03-07 07:09:04,male,8342$,+7(919)303-55-77
Tammy Johnson,TammyJohnson@gmail.com,2019-11-08 23:58:55,male,8342$,+7(948)324-59-79
Tammy Sale,TammySale@gmail.com,1996-03-07 03:44:52,male,8342$,+7(997)715-45-53
Tasha Hoopes,TashaHoopes@gmail.com,2021-09-11 17:35:30,male,8342$,+7(933)101-63-88
Teresa Erdmann,TeresaErdmann@gmail.com,2015-09-15 19:04:09,male,8342$,+7(955)758-76-94
Terry Morales,TerryMorales@gmail.com,2014-02-08 15:32:16,male,8342$,+7(992)667-67-61
Terry Ziler,TerryZiler@gmail.com,2016-09-22 23:24:36,male,8342$,+7(921)212-48-63
Tessie Gonzalez,TessieGonzalez@gmail.com,2012-08-04 17:00:29,male,8342$,+7(991)324-72-23
Thaddeus Eaton,ThaddeusEaton@gmail.com,1987-08-09 09:43:55,male,8342$,+7(914)737-56-41
Thelma Bragg,ThelmaBragg@gmail.com,1999-12-31 12:15:31,male,8342$,+7(962)633-24-45
Theodore Williams,TheodoreWilliams@gmail.com,2010-05-08 16:49:40,male,8342$,+7(959)476-60-99
Theresa Anderson,TheresaAnderson@gmail.com,2019-02-03 00:58:43,male,8342$,+7(904)133-62-34
Theresa Bird,TheresaBird@gmail.com,2021-04-10 12:43:11,male,8342$,+7(962)530-20-91
Theresa Daniel,TheresaDaniel@gmail.com,2014-01-29 08:04:44,male,8342$,+7(953)442-38-98
Thomas Austin,ThomasAustin@gmail.com,2015-01-14 05:56:23,male,8342$,+7(993)520-15-88
Thomas Bourassa,ThomasBourassa@gmail.com,2017-08-14 14:46:16,male,8342$,+7(982)119-65-89
Thomas Dreesman,ThomasDreesman@gmail.com,2012-11-17 09:30:18,male,8342$,+7(935)683-70-78
Thomas Marino,ThomasMarino@gmail.com,2016-12-01 21:00:38,male,8342$,+7(906)194-13-21
Thomas Meltzer,ThomasMeltzer@gmail.com,2021-01-06 09:55:24,male,8342$,+7(948)605-57-98
Thomas Rivera,ThomasRivera@gmail.com,2013-01-22 11:28:22,male,8342$,+7(914)659-71-68
Thomas Torres,ThomasTorres@gmail.com,1983-04-09 22:12:46,male,8342$,+7(977)680-16-17
Tiana Lam,TianaLam@gmail.com,2016-12-02 05:50:32,male,8342$,+7(966)617-51-72
Tim Henry,TimHenry@gmail.com,2007-10-18 09:25:54,male,8342$,+7(954)279-44-50
Tim Wallace,TimWallace@gmail.com,2013-06-24 12:55:30,male,8342$,+7(995)401-62-52
Timothy Fuentes,TimothyFuentes@gmail.com,2021-12-09 01:25:13,male,8342$,+7(940)458-95-60
Timothy Miller,TimothyMiller@gmail.com,1986-03-06 19:19:53,male,8342$,+7(997)226-40-79
Timothy Truitt,TimothyTruitt@gmail.com,2019-09-12 05:14:47,male,8342$,+7(928)233-11-70
Timothy Walden,TimothyWalden@gmail.com,2021-04-14 22:20:53,male,8342$,+7(981)337-20-40
Timothy Wilson,TimothyWilson@gmail.com,2014-09-29 07:42:55,male,8342$,+7(914)113-69-32
Tina Hill,TinaHill@gmail.com,2017-07-08 21:02:17,male,8342$,+7(994)538-54-71
Tina Pickhardt,TinaPickhardt@gmail.com,2015-11-10 00:30:54,male,8342$,+7(902)333-80-66
Todd Gutierrez,ToddGutierrez@gmail.com,2013-03-03 23:33:24,male,8342$,+7(917)453-94-15
Todd Ward,ToddWard@gmail.com,2017-05-20 11:55:19,male,8342$,+7(933)660-87-28
Tom Dirienzo,TomDirienzo@gmail.com,2015-12-24 09:39:04,male,8342$,+7(977)144-37-11
Tom Shockley,TomShockley@gmail.com,2005-03-21 19:46:27,male,8342$,+7(902)193-63-60
Tommy Wilkey,TommyWilkey@gmail.com,1995-03-23 23:49:47,male,8342$,+7(975)286-83-89
Tony Geraldo,TonyGeraldo@gmail.com,2011-09-22 04:39:29,male,8342$,+7(938)387-40-33
Tonya Armstrong,TonyaArmstrong@gmail.com,2011-02-13 17:11:59,male,8342$,+7(962)363-63-48
Traci Warner,TraciWarner@gmail.com,1992-05-21 11:06:42,male,8342$,+7(968)681-25-16
Tracy Garcia,TracyGarcia@gmail.com,2020-08-22 00:52:06,male,8342$,+7(904)606-40-36
Tracy Hernandez,TracyHernandez@gmail.com,2013-04-09 10:31:45,male,8342$,+7(917)782-26-84
Travis Brunner,TravisBrunner@gmail.com,2006-08-01 14:11:18,male,8342$,+7(918)735-94-91
Troy Brown,TroyBrown@gmail.com,2018-05-26 23:12:29,male,8342$,+7(931)587-54-19
Troy Kinder,TroyKinder@gmail.com,2011-04-18 12:00:23,male,8342$,+7(956)546-90-81
Troy Mcconnell,TroyMcconnell@gmail.com,1996-12-04 22:17:23,male,8342$,+7(996)144-35-49
Vance Oros,VanceOros@gmail.com,2013-04-24 18:39:14,male,8342$,+7(983)337-56-97
Vera Waithe,VeraWaithe@gmail.com,2001-06-02 07:19:24,male,8342$,+7(984)712-57-66
Vernon Esperanza,VernonEsperanza@gmail.com,1986-01-13 09:12:08,male,8342$,+7(962)585-85-30
Vernon Furth,VernonFurth@gmail.com,2013-08-13 10:00:55,male,8342$,+7(919)161-71-79
Veronica Hamilton,VeronicaHamilton@gmail.com,2020-01-17 18:42:53,male,8342$,+7(974)719-95-58
Victor Anthony,VictorAnthony@gmail.com,2021-04-12 14:28:23,male,8342$,+7(998)125-97-16
Victoria Alpaugh,VictoriaAlpaugh@gmail.com,2019-03-31 19:44:03,male,8342$,+7(971)278-90-61
Vincent Mitchell,VincentMitchell@gmail.com,2012-07-04 14:49:12,male,8342$,+7(988)553-83-42
Viola Greene,ViolaGreene@gmail.com,2018-02-14 15:06:17,male,8342$,+7(963)716-71-79
Violet Armwood,VioletArmwood@gmail.com,2019-01-11 23:58:00,male,8342$,+7(957)480-38-13
Virginia King,VirginiaKing@gmail.com,1992-02-06 18:10:36,male,8342$,+7(952)472-89-10
Virginia Kinlaw,VirginiaKinlaw@gmail.com,2014-08-16 07:53:43,male,8342$,+7(935)272-42-53
Walter Swanson,WalterSwanson@gmail.com,2014-12-11 08:51:21,male,8342$,+7(978)488-97-10
Walter Watson,WalterWatson@gmail.com,1991-03-19 06:45:19,male,8342$,+7(997)528-69-30
Wanda Diver,WandaDiver@gmail.com,2011-04-04 20:02:56,male,8342$,+7(933)579-26-12
Wayne Merwin,WayneMerwin@gmail.com,2005-07-09 20:53:39,male,8342$,+7(953)259-76-61
Wendell Gottfried,WendellGottfried@gmail.com,2019-05-30 21:08:42,male,8342$,+7(953)770-56-22
Wilda Weir,WildaWeir@gmail.com,2017-04-25 13:12:28,male,8342$,+7(923)442-60-19
William Austin,WilliamAustin@gmail.com,2014-07-22 00:26:21,male,8342$,+7(914)789-18-22
William Brickhouse,WilliamBrickhouse@gmail.com,1999-01-05 03:19:32,male,8342$,+7(914)134-91-48
William Desousa,WilliamDesousa@gmail.com,2007-08-20 19:51:54,male,8342$,+7(926)479-26-37
William Gill,WilliamGill@gmail.com,2014-03-20 00:59:01,male,8342$,+7(952)744-37-26
William Gustason,WilliamGustason@gmail.com,2018-07-18 19:44:43,male,8342$,+7(900)676-28-11
William Hunt,WilliamHunt@gmail.com,2018-07-15 02:30:35,male,8342$,+7(957)734-62-46
William Layton,WilliamLayton@gmail.com,2011-07-22 11:00:53,male,8342$,+7(954)363-48-76
William Mcatee,WilliamMcatee@gmail.com,2016-10-23 14:40:18,male,8342$,+7(907)469-42-84
William Medina,WilliamMedina@gmail.com,2009-06-08 04:13:19,male,8342$,+7(933)256-45-67
William Pettiford,WilliamPettiford@gmail.com,2013-12-04 13:05:56,male,8342$,+7(967)238-56-18
William Rave,WilliamRave@gmail.com,2019-04-18 22:18:45,male,8342$,+7(949)272-70-83
William Smith,WilliamSmith@gmail.com,2007-11-16 11:54:09,male,8342$,+7(934)142-92-74
William Smith,WilliamSmith@gmail.com,2019-08-19 20:32:15,male,8342$,+7(953)469-31-74
William Stamper,WilliamStamper@gmail.com,2021-09-23 22:19:50,male,8342$,+7(935)603-94-85
Willie Desilva,WillieDesilva@gmail.com,2020-02-18 21:08:07,male,8342$,+7(926)138-71-68
Willis King,WillisKing@gmail.com,2012-05-03 17:50:43,male,8342$,+7(971)663-77-56
Wilma Draper,WilmaDraper@gmail.com,2008-09-30 12:20:33,male,8342$,+7(955)157-37-56
Wilson Snyder,WilsonSnyder@gmail.com,2002-09-24 15:22:54,male,8342$,+7(938)236-51-39
Yvette Hayden,YvetteHayden@gmail.com,2000-04-27 08:01:10,male,8342$,+7(996)711-25-75
Yvette Wells,YvetteWells@gmail.com,2013-04-24 16:44:21,male,8342$,+7(944)299-61-64
Zoila Caserta,ZoilaCaserta@gmail.com,2015-03-01 08:17:49,male,8342$,+7(914)320-33-32
