Number,Name,Email,Data
0,John Boone,JohnBoone@gmail.com,1982-06-04 05:23:43
1,Ashley Slover,AshleySlover@gmail.com,1987-01-24 22:05:02
2,Charles Rodriguez,CharlesRodriguez@gmail.com,1980-07-03 00:50:37
3,Cleveland Pavlik,ClevelandPavlik@gmail.com,1981-06-10 12:07:31
4,Betty Kennedy,BettyKennedy@gmail.com,1981-05-06 22:55:23
5,Rosalind Bowling,RosalindBowling@gmail.com,1982-01-05 14:50:59
6,Guadalupe Avery,GuadalupeAvery@gmail.com,1984-09-11 15:52:10
7,Rosalinda Player,RosalindaPlayer@gmail.com,1988-04-12 00:32:16
8,Helen Hawkins,HelenHawkins@gmail.com,1987-06-19 12:55:07
9,Daniel Taylor,DanielTaylor@gmail.com,1988-04-30 19:29:40
10,Steven Hagee,StevenHagee@gmail.com,1983-08-07 17:22:42
11,Frank Wilbert,FrankWilbert@gmail.com,1982-06-09 00:46:59
12,Cynthia Vaughan,CynthiaVaughan@gmail.com,1987-05-27 07:15:08
13,Stacie Hammond,StacieHammond@gmail.com,1983-04-29 17:26:41
14,Joseph Hernandez,JosephHernandez@gmail.com,1982-05-27 14:13:33
15,Alan Judge,AlanJudge@gmail.com,1988-05-03 17:01:37
16,James Miller,JamesMiller@gmail.com,1990-04-23 09:04:03
17,David Krause,DavidKrause@gmail.com,1982-01-07 12:19:31
18,Harriet Stenberg,HarrietStenberg@gmail.com,1980-01-12 15:44:10
19,Daryl Hunter,DarylHunter@gmail.com,1988-05-09 00:19:14
20,Mary Meyers,MaryMeyers@gmail.com,1987-05-14 23:25:57
21,Buddy Parkins,BuddyParkins@gmail.com,1986-04-26 02:05:49
22,Kimberly Conway,KimberlyConway@gmail.com,1981-10-17 17:58:19
23,Kimberly Pies,KimberlyPies@gmail.com,1987-06-28 17:53:10
24,Robert Beach,RobertBeach@gmail.com,1982-10-06 17:33:34
25,Edith Garner,EdithGarner@gmail.com,1990-01-31 13:17:36
26,Albert Hayes,AlbertHayes@gmail.com,1982-01-03 21:39:34
27,Portia Tresvant,PortiaTresvant@gmail.com,1990-08-27 13:06:57
28,Robert Akers,RobertAkers@gmail.com,1983-06-04 04:43:07
29,Thaddeus Eaton,ThaddeusEaton@gmail.com,1987-08-09 09:43:55
30,Mary Clark,MaryClark@gmail.com,1988-02-23 06:59:09
31,Timothy Miller,TimothyMiller@gmail.com,1986-03-06 19:19:53
32,Joanne Gural,JoanneGural@gmail.com,1986-07-24 01:59:39
33,Thomas Torres,ThomasTorres@gmail.com,1983-04-09 22:12:46
34,Patricia Mora,PatriciaMora@gmail.com,1984-11-03 14:01:45
35,Sheryl Morgan,SherylMorgan@gmail.com,1989-04-24 13:56:54
36,Shane Osmer,ShaneOsmer@gmail.com,1985-02-14 01:11:43
37,David Fairchild,DavidFairchild@gmail.com,1989-06-15 18:58:41
38,Matthew Gleason,MatthewGleason@gmail.com,1985-10-09 04:48:51
39,Michael Yeatts,MichaelYeatts@gmail.com,1986-08-21 16:15:48
40,Mary Peterson,MaryPeterson@gmail.com,1990-03-08 21:09:40
41,Kathleen Lopez,KathleenLopez@gmail.com,1980-09-14 11:30:47
42,Vernon Esperanza,VernonEsperanza@gmail.com,1986-01-13 09:12:08
43,Mark Royal,MarkRoyal@gmail.com,1988-07-21 17:49:26
44,Shane Fletcher,ShaneFletcher@gmail.com,1990-09-21 20:52:27
45,Lonnie Koehn,LonnieKoehn@gmail.com,1984-06-24 00:11:14
46,Christine Zuniga,ChristineZuniga@gmail.com,1984-09-18 21:34:56
47,Nakia Jones,NakiaJones@gmail.com,1987-06-22 14:27:25
48,Michael Brown,MichaelBrown@gmail.com,1981-05-23 19:26:19
49,Steven Bowser,StevenBowser@gmail.com,1982-12-15 04:12:48
50,Leona Collins,LeonaCollins@gmail.com,1981-02-19 02:09:27
51,Miguel Jefferson,MiguelJefferson@gmail.com,1997-06-22 07:58:03
52,Mary Thrasher,MaryThrasher@gmail.com,1995-12-13 22:14:04
53,Evelyn Lea,EvelynLea@gmail.com,1999-02-25 10:58:27
54,Josh Lee,JoshLee@gmail.com,1991-07-14 13:10:55
55,Lori Sawinski,LoriSawinski@gmail.com,1992-01-11 16:39:28
56,Kathy Kher,KathyKher@gmail.com,1996-12-03 02:43:28
57,Marcella Delargy,MarcellaDelargy@gmail.com,1999-10-09 14:31:21
58,Thelma Bragg,ThelmaBragg@gmail.com,1999-12-31 12:15:31
59,Jacob Arias,JacobArias@gmail.com,1996-07-24 11:11:08
60,Allison Dubois,AllisonDubois@gmail.com,1995-11-27 18:46:04
61,Tammy Sale,TammySale@gmail.com,1996-03-07 03:44:52
62,Linda Goncalves,LindaGoncalves@gmail.com,1996-08-07 18:34:01
63,Bessie Desoto,BessieDesoto@gmail.com,1996-08-28 13:09:22
64,John Sanchez,JohnSanchez@gmail.com,2000-12-19 13:01:01
65,Elisa Esmond,ElisaEsmond@gmail.com,1994-01-23 17:34:53
66,Mary Sommer,MarySommer@gmail.com,1995-07-21 21:23:39
67,Kenneth Boyd,KennethBoyd@gmail.com,1992-10-15 08:38:45
68,Arturo Willingham,ArturoWillingham@gmail.com,1995-03-02 12:15:27
69,Laura Yazzie,LauraYazzie@gmail.com,1991-01-14 19:50:43
70,Lorraine Turcotte,LorraineTurcotte@gmail.com,1993-07-12 00:35:51
71,James Garza,JamesGarza@gmail.com,1995-11-07 05:21:55
72,Sandra Nittler,SandraNittler@gmail.com,1996-04-22 07:06:35
73,Heather Gerace,HeatherGerace@gmail.com,1991-08-31 23:39:43
74,Scott Ranney,ScottRanney@gmail.com,1996-07-19 18:16:00
75,Donna Coello,DonnaCoello@gmail.com,1996-04-18 00:30:20
76,Melissa Stclair,MelissaStclair@gmail.com,1995-04-23 10:03:31
77,Gloria Cooke,GloriaCooke@gmail.com,2000-01-20 10:57:30
78,Cyrus Andujar,CyrusAndujar@gmail.com,1997-06-22 03:45:50
79,Stephanie Placko,StephaniePlacko@gmail.com,1997-09-15 20:52:10
80,Janis Johnson,JanisJohnson@gmail.com,1999-08-26 04:14:11
81,Daren Miller,DarenMiller@gmail.com,1994-07-12 02:40:45
82,Anita Chavis,AnitaChavis@gmail.com,1991-03-26 14:43:53
83,William Brickhouse,WilliamBrickhouse@gmail.com,1999-01-05 03:19:32
84,Arthur Simar,ArthurSimar@gmail.com,1994-08-28 07:52:41
85,John Colbert,JohnColbert@gmail.com,1994-10-10 14:34:43
86,Cathrine Rodrigues,CathrineRodrigues@gmail.com,1996-07-24 02:49:12
87,Jodi Stephany,JodiStephany@gmail.com,1998-11-23 12:50:53
88,Julie Vanhook,JulieVanhook@gmail.com,1992-01-31 11:25:43
89,Martin Rowe,MartinRowe@gmail.com,1992-01-11 15:30:09
90,Pansy Winn,PansyWinn@gmail.com,1992-08-06 22:22:45
91,Roberta Tippin,RobertaTippin@gmail.com,1991-02-20 21:00:47
92,John Morrill,JohnMorrill@gmail.com,1992-07-05 22:23:06
93,Jeffrey Mckesson,JeffreyMckesson@gmail.com,1994-02-28 22:22:04
94,Darren Ridgeway,DarrenRidgeway@gmail.com,1991-10-05 01:01:11
95,Joseph Anderson,JosephAnderson@gmail.com,1999-01-03 20:25:32
96,Lindsay Mimbs,LindsayMimbs@gmail.com,1996-01-20 10:10:46
97,Carl Lamke,CarlLamke@gmail.com,1998-03-02 18:52:09
98,Emma Osborne,EmmaOsborne@gmail.com,1998-10-21 00:30:51
99,John Bihm,JohnBihm@gmail.com,1996-01-23 07:22:12
100,Henry Washington,HenryWashington@gmail.com,1991-07-16 05:50:47
101,Ella Patton,EllaPatton@gmail.com,1998-12-23 12:48:27
102,Manuel Nall,ManuelNall@gmail.com,1997-12-22 03:18:04
103,Nickolas Born,NickolasBorn@gmail.com,1995-02-24 03:23:13
104,Brent Stassi,BrentStassi@gmail.com,1998-06-25 00:22:39
105,Troy Mcconnell,TroyMcconnell@gmail.com,1996-12-04 22:17:23
106,Robert Mckenzie,RobertMckenzie@gmail.com,1996-01-07 21:50:16
107,James Hendrix,JamesHendrix@gmail.com,1991-09-15 11:11:45
108,Michael Tutt,MichaelTutt@gmail.com,2000-05-07 19:23:13
109,Juanita Craig,JuanitaCraig@gmail.com,1991-01-08 13:31:40
110,Mary Behrens,MaryBehrens@gmail.com,1999-12-13 10:35:39
111,Joseph Morgan,JosephMorgan@gmail.com,1996-03-05 20:35:38
112,Jeff Futch,JeffFutch@gmail.com,1991-09-20 22:31:51
113,Melissa Carpenter,MelissaCarpenter@gmail.com,1998-08-22 00:13:31
114,Rose Johnston,RoseJohnston@gmail.com,1991-04-30 09:32:18
115,Denise Wilcox,DeniseWilcox@gmail.com,1997-04-05 14:41:34
116,Aaron Gaier,AaronGaier@gmail.com,2000-09-02 14:53:00
117,Andrea Mercer,AndreaMercer@gmail.com,1991-09-03 15:22:57
118,Roberto Baker,RobertoBaker@gmail.com,1996-03-26 01:35:17
119,Marcy Duran,MarcyDuran@gmail.com,1991-04-01 10:51:13
120,Michael Smith,MichaelSmith@gmail.com,1992-07-06 17:52:50
121,Sam Gill,SamGill@gmail.com,1999-10-04 09:00:25
122,Amy Shannon,AmyShannon@gmail.com,1992-01-15 04:32:12
123,Javier Braxton,JavierBraxton@gmail.com,1994-08-06 06:47:50
124,James Spivey,JamesSpivey@gmail.com,1993-07-04 10:15:57
125,Kathleen Hunt,KathleenHunt@gmail.com,1993-06-14 18:19:08
126,Tommy Wilkey,TommyWilkey@gmail.com,1995-03-23 23:49:47
127,Leo Martinez,LeoMartinez@gmail.com,1993-04-10 14:03:47
128,Gregory Wilson,GregoryWilson@gmail.com,1994-02-18 18:07:13
129,Robert Bonds,RobertBonds@gmail.com,1998-01-06 15:04:25
130,Michael Hernandez,MichaelHernandez@gmail.com,1991-08-19 11:55:53
131,Shauna Feuer,ShaunaFeuer@gmail.com,1993-06-10 01:22:27
132,Ima Guerra,ImaGuerra@gmail.com,1995-10-09 16:21:45
133,Yvette Hayden,YvetteHayden@gmail.com,2000-04-27 08:01:10
134,Edgar Silva,EdgarSilva@gmail.com,1996-05-10 19:09:23
135,Estella Lozano,EstellaLozano@gmail.com,2000-11-05 08:03:07
136,Anthony Matthewson,AnthonyMatthewson@gmail.com,1998-11-30 19:17:55
137,Florence Chapman,FlorenceChapman@gmail.com,1995-12-01 06:00:50
138,Margarita Sanders,MargaritaSanders@gmail.com,1996-10-23 14:45:57
139,Paul Lewis,PaulLewis@gmail.com,1999-01-17 01:49:04
140,Kristopher Stephenson,KristopherStephenson@gmail.com,1998-08-11 14:05:51
141,Roy Derosa,RoyDerosa@gmail.com,1994-11-10 02:32:44
142,Michael Deno,MichaelDeno@gmail.com,1996-02-21 05:18:23
143,Stephen Mcwhorter,StephenMcwhorter@gmail.com,1994-12-23 17:22:33
144,Traci Warner,TraciWarner@gmail.com,1992-05-21 11:06:42
145,Paul Benigno,PaulBenigno@gmail.com,1996-05-03 16:56:56
146,Mark Robbins,MarkRobbins@gmail.com,1999-09-25 12:10:56
147,Jorge Rankin,JorgeRankin@gmail.com,1993-09-09 13:14:00
148,Walter Watson,WalterWatson@gmail.com,1991-03-19 06:45:19
149,Madeline Brady,MadelineBrady@gmail.com,1998-01-11 04:01:54
150,Virginia King,VirginiaKing@gmail.com,1992-02-06 18:10:36
151,Louise Everett,LouiseEverett@gmail.com,2006-05-15 19:39:44
152,Brian Allen,BrianAllen@gmail.com,2006-05-11 19:27:36
153,Samuel Ferkovich,SamuelFerkovich@gmail.com,2008-03-29 21:17:28
154,Suzanne Dillion,SuzanneDillion@gmail.com,2002-07-17 06:49:55
155,Helen Jones,HelenJones@gmail.com,2007-07-15 03:22:55
156,Alvin Rodriguez,AlvinRodriguez@gmail.com,2001-04-07 08:48:29
157,Monica Tisdale,MonicaTisdale@gmail.com,2002-12-31 12:42:29
158,Travis Brunner,TravisBrunner@gmail.com,2006-08-01 14:11:18
159,Shannon Lawrence,ShannonLawrence@gmail.com,2005-11-04 07:27:26
160,Joshua Smith,JoshuaSmith@gmail.com,2003-03-09 13:02:32
161,Garry Lance,GarryLance@gmail.com,2002-05-28 22:37:21
162,Bruce Jennings,BruceJennings@gmail.com,2003-10-14 17:37:42
163,Lucinda Mcfadden,LucindaMcfadden@gmail.com,2005-01-29 04:45:49
164,David Pitt,DavidPitt@gmail.com,2006-10-30 13:26:22
165,Ramon Duncan,RamonDuncan@gmail.com,2001-05-03 02:20:28
166,Gloria Randle,GloriaRandle@gmail.com,2007-01-17 10:18:16
167,Priscilla Carranza,PriscillaCarranza@gmail.com,2002-10-26 12:45:05
168,Anita Moses,AnitaMoses@gmail.com,2009-02-24 14:23:20
169,Arthur Simpson,ArthurSimpson@gmail.com,2006-02-17 02:27:21
170,Susan Swift,SusanSwift@gmail.com,2007-05-06 10:33:14
171,Jacob Kitchen,JacobKitchen@gmail.com,2003-12-08 11:11:20
172,Eric Vega,EricVega@gmail.com,2005-01-12 12:20:02
173,Nell Bynum,NellBynum@gmail.com,2010-06-05 00:56:30
174,Charles Ciotti,CharlesCiotti@gmail.com,2007-09-30 02:35:27
175,Lisa Flagg,LisaFlagg@gmail.com,2007-02-20 09:54:18
176,Carl Montoya,CarlMontoya@gmail.com,2010-01-29 08:35:41
177,Mary Palmer,MaryPalmer@gmail.com,2006-07-14 21:24:01
178,Maria Patterson,MariaPatterson@gmail.com,2005-06-06 05:14:52
179,Dawn Smith,DawnSmith@gmail.com,2002-04-28 22:36:03
180,Brooke Recher,BrookeRecher@gmail.com,2008-11-17 11:27:37
181,Juana Harding,JuanaHarding@gmail.com,2005-07-30 05:20:37
182,Claudio Marcucci,ClaudioMarcucci@gmail.com,2002-07-03 02:53:38
183,Shakita Johnson,ShakitaJohnson@gmail.com,2006-06-16 08:52:46
184,Robert Heath,RobertHeath@gmail.com,2009-01-29 02:27:35
185,Arturo Olson,ArturoOlson@gmail.com,2007-06-06 06:47:00
186,Marie Bannister,MarieBannister@gmail.com,2007-05-10 22:35:43
187,Sara Hill,SaraHill@gmail.com,2010-07-23 08:27:21
188,Mary Goad,MaryGoad@gmail.com,2001-07-15 16:40:26
189,Debra Winn,DebraWinn@gmail.com,2001-01-05 19:39:30
190,Richard Harrell,RichardHarrell@gmail.com,2001-07-28 23:07:24
191,Sharon Snyder,SharonSnyder@gmail.com,2005-09-07 16:59:09
192,Hazel Santana,HazelSantana@gmail.com,2003-11-14 00:37:31
193,Gladys Casey,GladysCasey@gmail.com,2008-01-15 06:45:46
194,Mary Toenges,MaryToenges@gmail.com,2010-02-15 04:57:37
195,Kim Bourgeois,KimBourgeois@gmail.com,2003-01-21 04:43:18
196,Abigail Plack,AbigailPlack@gmail.com,2002-04-26 15:56:01
197,Michael Berg,MichaelBerg@gmail.com,2003-11-30 12:44:10
198,Alva Lanzetta,AlvaLanzetta@gmail.com,2010-11-02 03:17:44
199,Albert Sedotal,AlbertSedotal@gmail.com,2008-08-20 15:42:08
200,Kathleen Zuckerman,KathleenZuckerman@gmail.com,2010-03-19 17:05:41
201,Taisha Zaccaria,TaishaZaccaria@gmail.com,2010-04-13 20:32:28
202,Nicole Nakata,NicoleNakata@gmail.com,2006-08-12 04:39:42
203,Clarence Henry,ClarenceHenry@gmail.com,2002-07-14 23:11:52
204,Emory Saugis,EmorySaugis@gmail.com,2009-02-25 12:53:00
205,Miriam Powell,MiriamPowell@gmail.com,2009-07-11 15:41:52
206,William Smith,WilliamSmith@gmail.com,2007-11-16 11:54:09
207,Robert Goin,RobertGoin@gmail.com,2008-11-02 04:04:41
208,William Medina,WilliamMedina@gmail.com,2009-06-08 04:13:19
209,William Desousa,WilliamDesousa@gmail.com,2007-08-20 19:51:54
210,Barbara Tate,BarbaraTate@gmail.com,2008-07-08 07:50:58
211,Patricia Williams,PatriciaWilliams@gmail.com,2004-06-15 19:21:57
212,Cindy Myles,CindyMyles@gmail.com,2001-11-09 20:02:11
213,Bret Muller,BretMuller@gmail.com,2008-10-19 23:07:03
214,Ralph Garcia,RalphGarcia@gmail.com,2007-08-24 12:13:00
215,Wilson Snyder,WilsonSnyder@gmail.com,2002-09-24 15:22:54
216,Wayne Merwin,WayneMerwin@gmail.com,2005-07-09 20:53:39
217,Jennifer Carignan,JenniferCarignan@gmail.com,2002-10-09 12:53:15
218,Clifford Sanders,CliffordSanders@gmail.com,2007-03-22 02:13:31
219,Amanda Mendez,AmandaMendez@gmail.com,2003-06-22 01:58:03
220,Tim Henry,TimHenry@gmail.com,2007-10-18 09:25:54
221,Rebecca Fry,RebeccaFry@gmail.com,2008-01-24 23:15:32
222,Lena Hammon,LenaHammon@gmail.com,2001-06-24 21:16:31
223,Danny Galindez,DannyGalindez@gmail.com,2007-09-21 00:18:10
224,Katrina Gaither,KatrinaGaither@gmail.com,2009-02-27 20:47:56
225,Barbara Leblanc,BarbaraLeblanc@gmail.com,2006-04-18 03:51:54
226,Wilma Draper,WilmaDraper@gmail.com,2008-09-30 12:20:33
227,Julio Mitchell,JulioMitchell@gmail.com,2009-06-26 18:19:43
228,Jeanne Angle,JeanneAngle@gmail.com,2007-08-04 21:46:49
229,Angela Abbott,AngelaAbbott@gmail.com,2005-05-12 06:19:45
230,Genevieve Church,GenevieveChurch@gmail.com,2005-03-21 03:31:38
231,Michael Greene,MichaelGreene@gmail.com,2006-06-03 19:19:19
232,Michelle Huls,MichelleHuls@gmail.com,2004-05-17 22:40:59
233,John Clark,JohnClark@gmail.com,2007-05-05 17:25:44
234,Casey Randel,CaseyRandel@gmail.com,2001-09-05 02:47:08
235,Amie Weaver,AmieWeaver@gmail.com,2009-03-20 00:13:32
236,Nancy Yokum,NancyYokum@gmail.com,2010-01-17 11:53:07
237,Lorenzo Jack,LorenzoJack@gmail.com,2005-10-06 07:15:41
238,Kimberly Rodriquez,KimberlyRodriquez@gmail.com,2010-10-05 17:44:13
239,Richard Massey,RichardMassey@gmail.com,2003-10-25 15:43:25
240,Fatima Clements,FatimaClements@gmail.com,2002-11-27 02:05:07
241,Shanna Foster,ShannaFoster@gmail.com,2007-05-15 16:41:36
242,Joan Bowling,JoanBowling@gmail.com,2006-09-08 09:25:59
243,Jack Lieb,JackLieb@gmail.com,2010-11-09 14:25:10
244,Frances Moten,FrancesMoten@gmail.com,2004-08-22 10:12:22
245,Dale Deyoe,DaleDeyoe@gmail.com,2004-11-05 06:49:29
246,Linda Harder,LindaHarder@gmail.com,2001-06-18 20:15:25
247,Loretta Chancey,LorettaChancey@gmail.com,2005-12-21 18:57:58
248,Corey Kahn,CoreyKahn@gmail.com,2009-01-09 08:21:39
249,Michael Black,MichaelBlack@gmail.com,2007-07-09 23:40:58
250,Chester Abraham,ChesterAbraham@gmail.com,2006-01-04 07:42:36
251,Frank Ruffin,FrankRuffin@gmail.com,2009-10-30 15:49:46
252,Madeline Balistrieri,MadelineBalistrieri@gmail.com,2001-11-15 08:08:20
253,Michelle Jensen,MichelleJensen@gmail.com,2007-10-10 21:02:45
254,Jeffrey Carlson,JeffreyCarlson@gmail.com,2003-09-07 11:11:05
255,Charles Curl,CharlesCurl@gmail.com,2007-12-05 14:25:47
256,Juanita Bray,JuanitaBray@gmail.com,2001-05-09 01:15:43
257,Gordon Gallaway,GordonGallaway@gmail.com,2009-08-19 11:32:48
258,John Porter,JohnPorter@gmail.com,2004-10-23 20:14:44
259,Louis Jackson,LouisJackson@gmail.com,2002-07-01 03:42:55
260,Doris Kriss,DorisKriss@gmail.com,2002-03-22 21:21:54
261,Vera Waithe,VeraWaithe@gmail.com,2001-06-02 07:19:24
262,Michael Bolton,MichaelBolton@gmail.com,2009-10-05 06:55:51
263,Norman Chung,NormanChung@gmail.com,2001-01-25 21:31:57
264,Marilyn Lee,MarilynLee@gmail.com,2002-09-14 21:39:58
265,Elizabeth Bean,ElizabethBean@gmail.com,2008-07-08 18:02:02
266,David Avila,DavidAvila@gmail.com,2004-10-16 04:04:16
267,David Carrillo,DavidCarrillo@gmail.com,2005-04-11 01:41:06
268,Phillip Rigdon,PhillipRigdon@gmail.com,2009-01-23 01:29:35
269,Leo Jensen,LeoJensen@gmail.com,2006-10-27 02:17:13
270,Richard Martinez,RichardMartinez@gmail.com,2009-05-11 14:21:51
271,Charles Wang,CharlesWang@gmail.com,2005-02-04 20:57:41
272,Juliet Morton,JulietMorton@gmail.com,2008-10-22 19:34:14
273,Ann Schmal,AnnSchmal@gmail.com,2003-01-03 19:52:07
274,Michelle Brown,MichelleBrown@gmail.com,2006-03-17 05:13:54
275,Reba Kapur,RebaKapur@gmail.com,2007-12-06 10:06:53
276,Tom Shockley,TomShockley@gmail.com,2005-03-21 19:46:27
277,Rachel Crespo,RachelCrespo@gmail.com,2006-07-30 12:15:19
278,Ralph Stansbury,RalphStansbury@gmail.com,2004-06-23 22:13:52
279,Michael Heidt,MichaelHeidt@gmail.com,2008-03-19 03:57:56
280,Melynda Tucker,MelyndaTucker@gmail.com,2009-05-31 11:02:20
281,Laura Cutler,LauraCutler@gmail.com,2008-05-17 07:20:49
282,Becky Parker,BeckyParker@gmail.com,2004-04-22 08:54:46
283,Irene Steptoe,IreneSteptoe@gmail.com,2002-09-17 19:37:35
284,Barbara Bingaman,BarbaraBingaman@gmail.com,2007-06-03 14:26:45
285,Ana Wilde,AnaWilde@gmail.com,2002-12-05 06:44:09
286,Brandon Wackerly,BrandonWackerly@gmail.com,2005-11-19 13:12:23
287,Roy Harding,RoyHarding@gmail.com,2001-09-23 23:18:32
288,Jenny Hollinger,JennyHollinger@gmail.com,2005-09-29 20:00:13
289,Gary West,GaryWest@gmail.com,2005-04-02 02:49:59
290,Ann Mcneal,AnnMcneal@gmail.com,2009-10-04 02:28:47
291,Amie Wright,AmieWright@gmail.com,2007-11-04 01:39:48
292,Rena Tabor,RenaTabor@gmail.com,2009-07-24 02:34:35
293,James Yoes,JamesYoes@gmail.com,2007-05-19 16:08:55
294,Matthew Shaughnessy,MatthewShaughnessy@gmail.com,2004-07-05 05:48:56
295,Mary Nguyen,MaryNguyen@gmail.com,2005-02-06 08:27:29
296,Brenda Johnson,BrendaJohnson@gmail.com,2003-11-27 02:59:41
297,Roderick Vargas,RoderickVargas@gmail.com,2002-10-13 07:59:04
298,Maria Himes,MariaHimes@gmail.com,2001-01-22 10:26:44
299,Angelo Collins,AngeloCollins@gmail.com,2004-08-25 09:27:49
300,Theodore Williams,TheodoreWilliams@gmail.com,2010-05-08 16:49:40
301,Evelyn Mccann,EvelynMccann@gmail.com,2021-01-04 04:30:25
302,Amanda Nyquist,AmandaNyquist@gmail.com,2015-08-26 10:35:13
303,Scott Gragg,ScottGragg@gmail.com,2011-03-14 10:24:54
304,Nadine Kirk,NadineKirk@gmail.com,2017-06-17 17:36:42
305,Janis Hughes,JanisHughes@gmail.com,2016-01-28 15:17:03
306,Darryl Bachrach,DarrylBachrach@gmail.com,2019-03-16 07:16:06
307,Frank Loiselle,FrankLoiselle@gmail.com,2013-10-26 23:25:11
308,Felix Blanke,FelixBlanke@gmail.com,2015-05-31 18:59:51
309,Gabriel Haynes,GabrielHaynes@gmail.com,2013-01-22 15:55:04
310,Michael Markum,MichaelMarkum@gmail.com,2018-04-11 11:30:42
311,James Darden,JamesDarden@gmail.com,2011-09-18 06:01:31
312,Abbey Hager,AbbeyHager@gmail.com,2017-06-23 02:48:45
313,Benita Fillmore,BenitaFillmore@gmail.com,2019-08-31 02:43:02
314,Kim Pace,KimPace@gmail.com,2012-08-29 11:03:39
315,Alyson Lawrence,AlysonLawrence@gmail.com,2015-06-09 23:47:48
316,Ray Pyle,RayPyle@gmail.com,2012-02-14 22:34:17
317,Inez Mcloughlin,InezMcloughlin@gmail.com,2016-10-16 03:26:23
318,Pedro Coleman,PedroColeman@gmail.com,2020-02-16 13:54:36
319,Todd Ward,ToddWard@gmail.com,2017-05-20 11:55:19
320,Dona Nichols,DonaNichols@gmail.com,2019-01-27 17:31:19
321,Edward Washington,EdwardWashington@gmail.com,2015-01-31 19:39:14
322,Lillian Fawver,LillianFawver@gmail.com,2014-03-04 23:05:19
323,Jay Alexander,JayAlexander@gmail.com,2015-10-19 03:32:48
324,Stephen Beene,StephenBeene@gmail.com,2021-03-03 18:24:56
325,Michael Lavoie,MichaelLavoie@gmail.com,2013-12-22 23:10:05
326,Kenyatta Peacock,KenyattaPeacock@gmail.com,2019-03-12 01:08:26
327,Sharon Gonzales,SharonGonzales@gmail.com,2015-06-03 22:07:45
328,Lester Davis,LesterDavis@gmail.com,2013-08-07 14:49:21
329,Buddy Vue,BuddyVue@gmail.com,2018-12-06 01:45:57
330,Geraldine Jaffe,GeraldineJaffe@gmail.com,2020-06-09 19:08:25
331,Timothy Fuentes,TimothyFuentes@gmail.com,2021-12-09 01:25:13
332,John Corbett,JohnCorbett@gmail.com,2011-08-08 04:03:44
333,Holly Cervantes,HollyCervantes@gmail.com,2021-02-06 18:55:19
334,Timothy Walden,TimothyWalden@gmail.com,2021-04-14 22:20:53
335,Keith Karlin,KeithKarlin@gmail.com,2012-02-12 00:30:58
336,Samuel Downing,SamuelDowning@gmail.com,2019-11-20 10:08:13
337,Mary Millet,MaryMillet@gmail.com,2013-07-15 08:46:56
338,Lori Kimber,LoriKimber@gmail.com,2021-06-15 08:46:24
339,Mary Stewart,MaryStewart@gmail.com,2011-10-27 05:49:37
340,Herman Mascarenas,HermanMascarenas@gmail.com,2013-02-15 16:27:52
341,Julie Farr,JulieFarr@gmail.com,2016-03-27 19:44:08
342,Jeffrey Wilson,JeffreyWilson@gmail.com,2012-04-10 13:58:02
343,Mary Ernst,MaryErnst@gmail.com,2017-03-24 07:29:06
344,George Anderson,GeorgeAnderson@gmail.com,2013-07-13 11:59:17
345,William Rave,WilliamRave@gmail.com,2019-04-18 22:18:45
346,Gena Luna,GenaLuna@gmail.com,2017-10-26 02:00:47
347,Jacqueline Prewitt,JacquelinePrewitt@gmail.com,2019-07-01 13:48:22
348,Cindy Weiler,CindyWeiler@gmail.com,2021-04-12 03:25:22
349,Carl Wieczorek,CarlWieczorek@gmail.com,2015-07-27 19:42:27
350,Bertha Lyons,BerthaLyons@gmail.com,2012-05-24 06:53:17
351,Martha Owsley,MarthaOwsley@gmail.com,2014-04-17 08:44:12
352,Jerri Rombough,JerriRombough@gmail.com,2013-05-22 15:37:10
353,Clementina Mitchell,ClementinaMitchell@gmail.com,2013-12-22 16:01:52
354,Timothy Wilson,TimothyWilson@gmail.com,2014-09-29 07:42:55
355,Lori Frame,LoriFrame@gmail.com,2011-10-31 18:46:41
356,Carol Baldwin,CarolBaldwin@gmail.com,2016-09-25 18:53:05
357,Jose Nichols,JoseNichols@gmail.com,2015-09-11 17:16:41
358,Ronny Champagne,RonnyChampagne@gmail.com,2015-08-23 04:16:26
359,Anna Johnson,AnnaJohnson@gmail.com,2013-04-04 02:27:17
360,Christina Heyd,ChristinaHeyd@gmail.com,2012-10-12 05:17:14
361,Patrick Hill,PatrickHill@gmail.com,2021-06-17 17:15:23
362,Scott Cifuentes,ScottCifuentes@gmail.com,2016-07-11 11:39:56
363,Aaron Ramirez,AaronRamirez@gmail.com,2017-11-23 21:06:42
364,Frances Munoz,FrancesMunoz@gmail.com,2021-12-12 07:26:26
365,Margaret Needham,MargaretNeedham@gmail.com,2020-08-31 04:09:21
366,Mildred Brown,MildredBrown@gmail.com,2021-03-14 18:12:48
367,Ami King,AmiKing@gmail.com,2021-06-29 16:21:14
368,James Ellis,JamesEllis@gmail.com,2020-10-06 13:22:04
369,Harriett White,HarriettWhite@gmail.com,2013-05-30 08:26:55
370,John Furches,JohnFurches@gmail.com,2018-08-17 07:50:24
371,Bobby Kaufman,BobbyKaufman@gmail.com,2017-10-26 05:42:03
372,Ida Stevens,IdaStevens@gmail.com,2014-02-25 01:09:03
373,Ricky Hand,RickyHand@gmail.com,2018-11-10 12:32:48
374,Elias Crosby,EliasCrosby@gmail.com,2020-02-05 16:14:16
375,Melissa Teston,MelissaTeston@gmail.com,2011-02-12 16:26:41
376,Colleen Lewis,ColleenLewis@gmail.com,2018-11-10 16:11:30
377,Jessica Dieguez,JessicaDieguez@gmail.com,2018-03-07 15:13:27
378,Paula Garren,PaulaGarren@gmail.com,2011-11-27 15:13:24
379,Douglas Williams,DouglasWilliams@gmail.com,2018-04-21 22:48:37
380,Leticia Dowling,LeticiaDowling@gmail.com,2012-04-27 13:14:36
381,James Justice,JamesJustice@gmail.com,2017-04-09 04:36:31
382,Hisako Schroot,HisakoSchroot@gmail.com,2020-06-13 05:18:01
383,Mildred Rodrigues,MildredRodrigues@gmail.com,2020-02-25 06:13:05
384,Sallie Bush,SallieBush@gmail.com,2011-05-06 13:29:46
385,Richard Morring,RichardMorring@gmail.com,2016-04-12 09:05:03
386,Ryann Fisher,RyannFisher@gmail.com,2017-03-05 18:17:46
387,Patricia Curtis,PatriciaCurtis@gmail.com,2011-09-01 16:43:16
388,Gabriel Armstrong,GabrielArmstrong@gmail.com,2013-02-07 01:24:56
389,Ricky Odom,RickyOdom@gmail.com,2021-03-14 04:47:11
390,Lynda Pereira,LyndaPereira@gmail.com,2017-08-31 09:42:24
391,John Hawley,JohnHawley@gmail.com,2011-10-10 07:56:16
392,Olivia Demopoulos,OliviaDemopoulos@gmail.com,2012-10-04 05:10:52
393,Barbara Valenzuela,BarbaraValenzuela@gmail.com,2021-09-22 02:06:34
394,Billy Hill,BillyHill@gmail.com,2014-01-14 07:44:02
395,Michael Huber,MichaelHuber@gmail.com,2017-07-25 13:00:45
396,Marcus Baughman,MarcusBaughman@gmail.com,2013-10-27 22:43:10
397,Cecilia Stewart,CeciliaStewart@gmail.com,2014-05-19 09:36:26
398,Avery Barnes,AveryBarnes@gmail.com,2013-01-13 11:18:38
399,Anna Porter,AnnaPorter@gmail.com,2017-11-15 16:49:25
400,Thomas Marino,ThomasMarino@gmail.com,2016-12-01 21:00:38
401,Melody Potter,MelodyPotter@gmail.com,2019-07-06 07:18:52
402,Matthew Martin,MatthewMartin@gmail.com,2013-07-05 00:03:43
403,Delores Bergesen,DeloresBergesen@gmail.com,2016-12-26 07:30:00
404,Starla Alcazar,StarlaAlcazar@gmail.com,2019-02-25 04:01:31
405,Marvin Scharmer,MarvinScharmer@gmail.com,2016-10-02 03:54:08
406,Richard Sherry,RichardSherry@gmail.com,2015-03-01 09:04:22
407,Cindy Coffey,CindyCoffey@gmail.com,2021-01-09 20:12:36
408,David Kuykendall,DavidKuykendall@gmail.com,2014-07-25 15:47:57
409,Dulce Mcneal,DulceMcneal@gmail.com,2016-11-27 05:43:39
410,Randy Ellis,RandyEllis@gmail.com,2021-11-13 01:38:24
411,Theresa Anderson,TheresaAnderson@gmail.com,2019-02-03 00:58:43
412,Courtney Byers,CourtneyByers@gmail.com,2019-08-10 21:01:34
413,Anthony George,AnthonyGeorge@gmail.com,2016-10-04 00:25:41
414,Jenny Glass,JennyGlass@gmail.com,2013-07-08 18:18:10
415,Damon Ward,DamonWard@gmail.com,2011-09-25 15:06:38
416,Gerald Briggs,GeraldBriggs@gmail.com,2015-06-01 01:20:06
417,Marion Santiago,MarionSantiago@gmail.com,2018-07-27 17:43:44
418,Viola Greene,ViolaGreene@gmail.com,2018-02-14 15:06:17
419,Linda Castaneda,LindaCastaneda@gmail.com,2015-07-07 13:30:40
420,William Austin,WilliamAustin@gmail.com,2014-07-22 00:26:21
421,Shirley Dale,ShirleyDale@gmail.com,2021-08-01 03:38:35
422,Theresa Daniel,TheresaDaniel@gmail.com,2014-01-29 08:04:44
423,Donald Davis,DonaldDavis@gmail.com,2018-03-01 22:13:42
424,Dante Jensen,DanteJensen@gmail.com,2017-07-28 00:56:54
425,Maria Tilley,MariaTilley@gmail.com,2012-09-07 23:10:50
426,Marcia Lee,MarciaLee@gmail.com,2021-01-20 12:54:23
427,Carlos Anderson,CarlosAnderson@gmail.com,2017-01-30 03:50:40
428,Darnell Gandy,DarnellGandy@gmail.com,2016-08-01 05:44:26
429,Jeffery Richardson,JefferyRichardson@gmail.com,2015-08-07 05:14:09
430,Jennifer Graham,JenniferGraham@gmail.com,2014-03-24 23:14:26
431,Joseph Ignacio,JosephIgnacio@gmail.com,2014-07-19 04:06:48
432,Jocelyn Caldwell,JocelynCaldwell@gmail.com,2016-02-22 12:13:27
433,Dawn Williams,DawnWilliams@gmail.com,2015-03-18 01:50:32
434,John Brushwood,JohnBrushwood@gmail.com,2014-11-01 23:54:22
435,Annie Higgins,AnnieHiggins@gmail.com,2011-02-21 20:28:11
436,Andrew Maxwell,AndrewMaxwell@gmail.com,2018-04-17 19:18:26
437,Kent Casson,KentCasson@gmail.com,2021-11-26 21:54:16
438,Robin Ortega,RobinOrtega@gmail.com,2020-07-20 17:20:01
439,David Hanley,DavidHanley@gmail.com,2015-05-19 20:14:29
440,Kelvin Burroughs,KelvinBurroughs@gmail.com,2017-11-10 14:56:52
441,Lisa Gaines,LisaGaines@gmail.com,2012-11-05 11:44:04
442,Kim Perreault,KimPerreault@gmail.com,2013-10-18 02:30:20
443,Rocky Santiago,RockySantiago@gmail.com,2011-01-08 06:48:17
444,Reba Dan,RebaDan@gmail.com,2016-03-15 02:42:31
445,James Farquhar,JamesFarquhar@gmail.com,2017-03-28 02:22:11
446,Megan Junes,MeganJunes@gmail.com,2012-05-07 15:16:04
447,Mary Tilman,MaryTilman@gmail.com,2021-01-20 03:52:11
448,Jerome Blackmon,JeromeBlackmon@gmail.com,2019-03-26 09:12:03
449,Patricia Stillwagon,PatriciaStillwagon@gmail.com,2014-05-11 10:04:17
